,Seq_info,Frame:2|Ref:MLSSSPLLTMVARRS*YARRRTT,Frame:0|Ref:PCYPPRPCSPWWRGGVSMRGGEQQ,Frame:1|Ref:HVILLALAHHGGAEELVCEAENN
0,>0 Ref_transl.frame:0,-LSSSPLLTMV---S--------,P--PPRPC----RGGVS-------,-----A-AHHGGAEELVCEA---
1,>0 Ref_transl.frame:1,-LSSSPLL----------RRRTT,---PPRP-S-WWR--VS-R--E--,HV---ALA---GAEEL---A-N-
2,>0 Ref_transl.frame:2,MLSSSPLLT--ARRS*--R-RT-,PC-PPR--------------GEQ-,HV-LLAL-HHG--E---------
3,>1 CluSeq:0.03385_sd:0.0178_transl.frame:0,--SS--------RR---------,PCYPPRPCSPWWRGGVS-RG-E--,----------GG-EE--------
4,>1 CluSeq:0.03385_sd:0.0178_transl.frame:1,------LL--VA-----A---T-,-------------GGV-----E--,HVILLALAHHGGAEELV-EA-N-
5,>1 CluSeq:0.03385_sd:0.0178_transl.frame:2,MLSSSPLLTMVARRS*--RRRT-,P---PRP-----------------,---LLAL----------------
6,>2 CluSeq:0.03305_sd:0.01823_transl.frame:0,----SP----V--RS---RR---,PCYPPRPCSPWWRGGVS-RG-E--,----------GG-EEL-------
7,>2 CluSeq:0.03305_sd:0.01823_transl.frame:1,------LL--VA--S--------,-------------GGVS-------,HVILLALAHHGGAEE-V-EA-N-
8,>2 CluSeq:0.03305_sd:0.01823_transl.frame:2,MLSSSPLLTMVARRS*--RRRT-,P---PRP-----------------,---LLAL----------------
9,>3 CluSeq:0.02628_sd:0.00969_transl.frame:0,-LS---L----------------,PCYPPRPCSPWWRGGVS-RG-E--,----------GG-EEL-------
10,>3 CluSeq:0.02628_sd:0.00969_transl.frame:1,------LL---A--S--------,-------------GG-S-------,HVILLALAHHGGAEEL--EA-N-
11,>3 CluSeq:0.02628_sd:0.00969_transl.frame:2,MLSSSPLLTMVARRS*--RRRT-,P---PRP-----------------,---LLAL----------------
12,>4 CluSeq:0.02083_sd:0.02034_transl.frame:0,-LS--PL-----R----------,PCYPPRPCSPWWRGGVS-R---Q-,----------GG---L-------
13,>4 CluSeq:0.02083_sd:0.02034_transl.frame:1,------LL---A---*-------,-------------GG----G----,HVILLALAHHGGAEEL--E----
14,>4 CluSeq:0.02083_sd:0.02034_transl.frame:2,MLSSSPLLTMVARRS*-A-----,--------SP--R---S----E--,---LLA------------EA---
15,>5 CluSeq:0.0191_sd:0.01694_transl.frame:0,-LS---L--------*-------,PCYPPRPCSPWWRGGVS-RG-E--,----------GG-E-L-------
16,>5 CluSeq:0.0191_sd:0.01694_transl.frame:1,------LL---A--S--------,-------------GG-S-------,HVILLALAHHGGAEEL--EA-N-
17,>5 CluSeq:0.0191_sd:0.01694_transl.frame:2,MLSSSPLLTMVARRS*--R-RT-,P---PRP-----------------,---LLAL--------L-------
18,>6 CluSeq:0.01873_sd:0.02523_transl.frame:0,-LS--PL-----R----------,PCYPPRPCSPWWRGGVS-R-----,-V-LL-L----------------
19,>6 CluSeq:0.01873_sd:0.02523_transl.frame:1,------LL---A---*-------,-------------GG------E--,HVILLALAHHGGAEEL-CE----
20,>6 CluSeq:0.01873_sd:0.02523_transl.frame:2,MLSSSPLLTMVARRS*-A-----,--------SP--R---S----E--,---LLA-A-----E---------
21,>7 CluSeq:0.01832_sd:0.00644_transl.frame:0,-LSS--L----------------,PCYPPRPCSPWWRGGVS--G----,----------GG---L-------
22,>7 CluSeq:0.01832_sd:0.00644_transl.frame:1,------LL---A--S--------,-------------GG-S-------,HVILLALAHHGGAEEL---A-N-
23,>7 CluSeq:0.01832_sd:0.00644_transl.frame:2,MLSSSPLLTMVARRS*--R----,P---PRP-----------------,---LLAL--------L-------
24,>8 CluSeq:0.016_sd:0.01416_transl.frame:0,----SPLL------------RT-,PCYPPRPCSPWWRGGV--R---Q-,----------GG---L-------
25,>8 CluSeq:0.016_sd:0.01416_transl.frame:1,------LL---A---*-------,-------------GG----GG---,HVILLALAHHGGAEEL--E----
26,>8 CluSeq:0.016_sd:0.01416_transl.frame:2,MLSSSPLLTMVARRS*-A-----,--------SP--R---S----E--,---LLA-A----------EA---
27,>9 CluSeq:0.0154_sd:0.00906_transl.frame:0,-LS---L----------------,PCYPPRPCSPWWRGGVS-RG-E--,----------GG-E-L-------
28,>9 CluSeq:0.0154_sd:0.00906_transl.frame:1,------LL---A--S--------,-------------GG-S-------,HVILLALAHHGGAEEL--EA-N-
29,>9 CluSeq:0.0154_sd:0.00906_transl.frame:2,MLSSSPLLTMVARRS*--R-RT-,P---PRP-----------------,---LLAL--------L-------
30,>10 CluSeq:0.01409_sd:0.0244_transl.frame:0,-LS--P------R----------,PCYPPRPCSPWWRGGVS-RG----,----------GG---L-C-----
31,>10 CluSeq:0.01409_sd:0.0244_transl.frame:1,------LLT--A-----------,-------------GG----G-E--,HVILLALAHHGGAEEL--EA---
32,>10 CluSeq:0.01409_sd:0.0244_transl.frame:2,MLSSSPLLTMVARRS*-ARR---,--------SP--R---S-R-----,---LLA------------EA---
33,>11 CluSeq:0.01393_sd:0.01775_transl.frame:0,--SS-------A-----------,PCYPPRPCSPWWRGGVS----E--,----------GGA-----EAE--
34,>11 CluSeq:0.01393_sd:0.01775_transl.frame:1,-L---PL-----R----------,-------------GG---R---Q-,HVILLALAHHGGAEEL-------
35,>11 CluSeq:0.01393_sd:0.01775_transl.frame:2,MLSSSPLLTMVARRS*--R----,--------SP--RGG---R-----,---LLA----G---EL-------
36,>12 CluSeq:0.01316_sd:0.00752_transl.frame:0,-LS---LL-------*-------,PCYPPRPCSPWWRGGVS-R-----,----------GG-E-L-------
37,>12 CluSeq:0.01316_sd:0.00752_transl.frame:1,------LL---A--S--------,-------------GG-S-------,HVILLALAHHGGAEEL---A-N-
38,>12 CluSeq:0.01316_sd:0.00752_transl.frame:2,MLSSSPLLTMVARRS*--R-RT-,P---PRP-----------------,---LLAL--------L-------
39,>13 CluSeq:0.01274_sd:0.01738_transl.frame:0,-LSS-------A-----------,PCYPPRPCSPWWRGGVS----E--,----------GGA-----EA---
40,>13 CluSeq:0.01274_sd:0.01738_transl.frame:1,-L---PL-----R----------,-------------GG---R-----,HVILLALAHHGGAEEL-------
41,>13 CluSeq:0.01274_sd:0.01738_transl.frame:2,MLSSSPLLTMVARRS*-------,--------SP--RGG---------,---LLA----G---EL-------
42,>14 CluSeq:0.01263_sd:0.00539_transl.frame:0,--SS--L----------------,PCYPPRPCSPWWRGGVS-RG-E--,----------GG-EEL-------
43,>14 CluSeq:0.01263_sd:0.00539_transl.frame:1,------LL--VA--S--------,-------------GGVS-------,HVILLALAHHGGAEELV-EA-N-
44,>14 CluSeq:0.01263_sd:0.00539_transl.frame:2,MLSSSPLLTMVARRS*--RRRT-,P---PRP-----------------,---LLAL----------------
45,>15 CluSeq:0.01019_sd:0.01425_transl.frame:0,----SPLL----R----------,PCYPPRPCSPWWRGGV--R-----,-V-LL-----G------------
46,>15 CluSeq:0.01019_sd:0.01425_transl.frame:1,-LSS-------A-----------,-------------GG-S----E--,HVILLALAHHGGAEEL--EA---
47,>15 CluSeq:0.01019_sd:0.01425_transl.frame:2,MLSSSPLLTMVARRS-----RT-,--------SPW-R-----R---Q-,---LLAL--------L-------
48,>16 CluSeq:0.00947_sd:0.01043_transl.frame:0,----SPLL-----RS---R----,PCYPPRPCSPWWRGG-S-R-----,---LL-----G------------
49,>16 CluSeq:0.00947_sd:0.01043_transl.frame:1,-LSS-------A-----A-----,-------------GG-S----E--,HVILLALAHHGGAEE---EAE--
50,>16 CluSeq:0.00947_sd:0.01043_transl.frame:2,MLSSSPLLTMVARR----R-RT-,--------SP--R-----R---Q-,---LLAL--------L-------
51,>17 CluSeq:0.00894_sd:0.01548_transl.frame:0,-LS--P-----------------,PCYPPRPCSPWWRGGVS-R--E--,----------GG-E---------
52,>17 CluSeq:0.00894_sd:0.01548_transl.frame:1,------LL---A-RS---R----,-------------GG-S-R-----,HVILLALAHHGGAEEL---A---
53,>17 CluSeq:0.00894_sd:0.01548_transl.frame:2,MLSSSPLLTMVARRS*-A-----,--------SP--RG----------,---LLA------------EAE--
54,>18 CluSeq:0.00773_sd:0.00184_transl.frame:0,-LS---LL---------------,PCYPPRPCSPWWRGGVS-R-----,----------GG-E-L-C-----
55,>18 CluSeq:0.00773_sd:0.00184_transl.frame:1,------LL---A--S--------,-------------GG-S-------,HVILLALAHHGGAEEL---A-N-
56,>18 CluSeq:0.00773_sd:0.00184_transl.frame:2,MLSSSPLLTMVARRS*--R-RT-,P---PRP-----------------,---LLAL--------L-------
57,>19 CluSeq:0.00772_sd:0.01337_transl.frame:0,-LS---LL-------*-------,PCYPPRPCSPWWRGGVS--G----,-V-LL-----G------------
58,>19 CluSeq:0.00772_sd:0.01337_transl.frame:1,-LSS-------------------,-------------GG-S----E--,HVILLALAHHGGAEEL--E----
59,>19 CluSeq:0.00772_sd:0.01337_transl.frame:2,MLSSSPLLTMVARRS*----RT-,--------SP--R---S-R-----,---LLAL--------L-------
60,>20 CluSeq:0.00745_sd:0.01291_transl.frame:0,----SPLL-----RS---R----,PCYPPRPCSPWWRGG-S-R-----,---LL-----G------------
61,>20 CluSeq:0.00745_sd:0.01291_transl.frame:1,-LSS-------A-----A-----,-------------GG-S--G----,HVILLALAHHGGAE----EAE--
62,>20 CluSeq:0.00745_sd:0.01291_transl.frame:2,MLSSSPLLTMVARR------RT-,--------SP--R-----R--E--,---LLAL------E---------
63,>21 CluSeq:0.007_sd:0.00057_transl.frame:0,-LS---L----------------,PCYPPRPCSPWWRGGVS-RG-E--,----------GG-E-L-C-----
64,>21 CluSeq:0.007_sd:0.00057_transl.frame:1,------LL---A--S--------,-------------GG-S-------,HVILLALAHHGGAEEL--EA-N-
65,>21 CluSeq:0.007_sd:0.00057_transl.frame:2,MLSSSPLLTMVARRS*--R-RT-,P---PRP-----------------,---LLAL--------L-------
66,>22 CluSeq:0.00654_sd:0.01133_transl.frame:0,----SPL-------------RT-,PCYPPRPCSPWWRGGV--R---Q-,----------GG---L-------
67,>22 CluSeq:0.00654_sd:0.01133_transl.frame:1,------LL---AR----------,-------------GG---R-----,HVILLALAHHGGAEEL--E----
68,>22 CluSeq:0.00654_sd:0.01133_transl.frame:2,MLSSSPLLTMVARRS*-A-----,--------SP--R---S----E--,---LLA-A----------EAE--
69,>23 CluSeq:0.00598_sd:0.00215_transl.frame:0,-LS---LL---------------,PCYPPRPCSPWWRGGVS-R-----,----------GG-E-L-------
70,>23 CluSeq:0.00598_sd:0.00215_transl.frame:1,------LL---A--S--------,-------------GG-S-------,HVILLALAHHGGAEEL---A-N-
71,>23 CluSeq:0.00598_sd:0.00215_transl.frame:2,MLSSSPLLTMVARRS*--R-RT-,P---PRP-----------------,---LLAL--------L-------
72,>24 CluSeq:0.00583_sd:0.0101_transl.frame:0,-LS---L---VA-----------,PCYPPRPCSPWWRGGVS-RG----,-V-LL----HG-A----------
73,>24 CluSeq:0.00583_sd:0.0101_transl.frame:1,------LL-M-------------,-------------GG--M---E--,HVILLALAHHGGAEEL--E----
74,>24 CluSeq:0.00583_sd:0.0101_transl.frame:2,MLSSSPLLTMVARRS*-A---T-,P----RPCS-W-----S-------,---LLA-A---------------
75,>25 CluSeq:0.00574_sd:0.00517_transl.frame:0,-LS---LL-------*-------,PCYPPRPCSPWWRGGVS--G-E--,-V-LL------------------
76,>25 CluSeq:0.00574_sd:0.00517_transl.frame:1,-LSS-------------------,-------------GG-S-------,HVILLALAHHGGAEEL---A-N-
77,>25 CluSeq:0.00574_sd:0.00517_transl.frame:2,MLSSSPLLTMVARRS*--R-RT-,P---PRP-----------------,---LLAL--------L-------
78,>26 CluSeq:0.00573_sd:0.00195_transl.frame:0,----SP---M--RR---------,PCYPPRPCSPWWRGGV-MRGGEQQ,----------GG-E---------
79,>26 CluSeq:0.00573_sd:0.00195_transl.frame:1,------LL--VA-----------,-------------GGV-----E--,HVILLALAHHGGAEELVCEAENN
80,>26 CluSeq:0.00573_sd:0.00195_transl.frame:2,MLSSSPLLTMVARRS-YARRRTT,--------SPW-R-----R-----,---LLA-A---------------
81,>27 CluSeq:0.0054_sd:0.00935_transl.frame:0,----SPLL-------*-------,PCYPPRPCSPWWRGGV--RGG---,-V-LL-----G------------
82,>27 CluSeq:0.0054_sd:0.00935_transl.frame:1,-LSS-------------------,-------------GG-S----E--,HVILLALAHHGGAEEL--EAE--
83,>27 CluSeq:0.0054_sd:0.00935_transl.frame:2,MLSSSPLLTMVARRS*--R-RT-,--------SP--R---S-R-----,---LLAL--------L-------
84,>28 CluSeq:0.00539_sd:0.00933_transl.frame:0,----SPLL-----RS--A-----,PCYPPRPCSP--RG-------E--,---LL-----GGAE-----A---
85,>28 CluSeq:0.00539_sd:0.00933_transl.frame:1,-LSSS-------RR---------,-----R---------------EQ-,HVILLALAH---------EAE--
86,>28 CluSeq:0.00539_sd:0.00933_transl.frame:2,MLSSSPLLT-----------RT-,--------SP--RGG---------,---LLA----GG-----------
87,>29 CluSeq:0.00494_sd:0.00856_transl.frame:0,-LSSS------------------,PCYPPRPCSPWWRGGVS----E--,----------GGAE---------
88,>29 CluSeq:0.00494_sd:0.00856_transl.frame:1,-L---PL----------------,-------------GG---R-----,HVILLALAHHGGAEEL---A---
89,>29 CluSeq:0.00494_sd:0.00856_transl.frame:2,MLSSSPLLTMVARRS*-------,--------SP--RG-------E--,---LLA----G---EL-------
90,>30 CluSeq:0.00493_sd:0.00133_transl.frame:0,----SP----V--RS*--R----,PCYPPRPCSPWWRGGVS-RG-E--,----------GG-E-L-C-----
91,>30 CluSeq:0.00493_sd:0.00133_transl.frame:1,------LL--VA--S--------,-------------GGVS-------,HVILLALAHHGGAEE-V-EA-N-
92,>30 CluSeq:0.00493_sd:0.00133_transl.frame:2,MLSSSPLLTMVARRS*--R-RT-,P---PRP-----------------,---LLAL--------L-------
93,>31 CluSeq:0.00478_sd:0.00049_transl.frame:0,-LS---LL---------------,PCYPPRPCSPWWRGGVS--G-E--,-V-LL------------C-----
94,>31 CluSeq:0.00478_sd:0.00049_transl.frame:1,-LSS-------------------,-------------GG-S-------,HVILLALAHHGGAEEL---A-N-
95,>31 CluSeq:0.00478_sd:0.00049_transl.frame:2,MLSSSPLLTMVARRS*--R-RT-,P---PRP-----------------,---LLAL--------L-------
96,>32 CluSeq:0.00464_sd:0.00397_transl.frame:0,--SS--------RR---------,PCYPPRPCSPWWRGGVS-RG-E--,----------GG-EE--------
97,>32 CluSeq:0.00464_sd:0.00397_transl.frame:1,------LL--VA-----A-----,-------------GGV-----E--,HVILLALAHHGGAEELV-EA-N-
98,>32 CluSeq:0.00464_sd:0.00397_transl.frame:2,MLSSSPLLTMVARRS*--RRRT-,P---PRP-----------------,---LLA-----------------
99,>33 CluSeq:0.00452_sd:0.00783_transl.frame:0,-LSS-------A-----------,PCYPPRPCSPWWRGGVS-RG----,----------GGA----------
100,>33 CluSeq:0.00452_sd:0.00783_transl.frame:1,------LL---A-----A-----,-------------GG----G-E--,HVILLALAHHGGAEEL---AE--
101,>33 CluSeq:0.00452_sd:0.00783_transl.frame:2,MLSSSPLLTMVARRS*--RR---,--------SP--RG----R--EQ-,---LLA----G--E---------
102,>34 CluSeq:0.0044_sd:0.00761_transl.frame:0,----SPL---VA-----------,PCYPPRPCSPWWRGGV---G----,-V--LA-A--G-----V------
103,>34 CluSeq:0.0044_sd:0.00761_transl.frame:1,------LL--V------------,-------------GGV--------,HVILLALAHHGGAEELV------
104,>34 CluSeq:0.0044_sd:0.00761_transl.frame:2,MLSSSPLLTMVARRS---R----,P----R-CS---R-----------,---LLA----GG-----C-----
105,>35 CluSeq:0.00415_sd:0.00719_transl.frame:0,--SS-------AR----------,PCYPPRPCSPWWRG----R-----,-----A------------EAE--
106,>35 CluSeq:0.00415_sd:0.00719_transl.frame:1,-L---PL-----R----------,-------------GG---R--E--,HVILLALAHHGGAE---------
107,>35 CluSeq:0.00415_sd:0.00719_transl.frame:2,MLSSSPLLTMVARRS---R----,--------SP--RGG-S-R-----,---LLA----G---EL-------
108,>36 CluSeq:0.00413_sd:0.00158_transl.frame:0,-LSS--L----------------,PCYPPRPCSPWWRGGVS--G----,----------GG---L-C-----
109,>36 CluSeq:0.00413_sd:0.00158_transl.frame:1,------LL---A--S--------,-------------GG-S-------,HVILLALAHHGGAEEL---A-N-
110,>36 CluSeq:0.00413_sd:0.00158_transl.frame:2,MLSSSPLLTMVARRS*--R----,P---PRP-----------------,---LLAL--------L-------
111,>37 CluSeq:0.004_sd:0.00693_transl.frame:0,----SP--------------RT-,PCYPPRPCSPW-RGG---------,---L-A----G------------
112,>37 CluSeq:0.004_sd:0.00693_transl.frame:1,------LL---A-RS--A-----,---------------V----GE--,HVILLALAHHGGAE---------
113,>37 CluSeq:0.004_sd:0.00693_transl.frame:2,MLSSSPLLTM-ARR---------,--------SP--R--------EQ-,---LL--------E----EAE--
114,>38 CluSeq:0.00398_sd:0.0069_transl.frame:0,-LS---L------RS---R----,PCYPPRPCSPWWRGGVS-R-----,----------GG---L-------
115,>38 CluSeq:0.00398_sd:0.0069_transl.frame:1,------LL---A--S--A-----,-------------GG-S--G----,HVILLALAHHGGAEEL--EAE--
116,>38 CluSeq:0.00398_sd:0.0069_transl.frame:2,MLSSSPLLTMVARRS*--R----,--------SP--R---S-R--E--,---LLAL------E---------
117,>39 CluSeq:0.00392_sd:0.00376_transl.frame:0,----SPL----------------,PCYPPRPCSPWWRGGVS-RG-E--,-VI-------G--EEL-------
118,>39 CluSeq:0.00392_sd:0.00376_transl.frame:1,------LL---A--S--------,-------------GG-S-------,HVILLALAHHGGAEEL--EA-N-
119,>39 CluSeq:0.00392_sd:0.00376_transl.frame:2,MLSSSPLLTMVARRS*--RRRT-,P-Y-PRP-----------------,---LLAL----------------
120,>40 CluSeq:0.00379_sd:0.00656_transl.frame:0,-LSS------V------------,PCYPPRPCSPWWRGGVS-R-----,----------GGA---V------
121,>40 CluSeq:0.00379_sd:0.00656_transl.frame:1,------LL--VAR----------,-----RP---------------Q-,HVILLALAHHGGAEELV--A---
122,>40 CluSeq:0.00379_sd:0.00656_transl.frame:2,MLSSSPLLTMVARRS*-------,--------SPW--G--S-------,---LLAL----------------
123,>41 CluSeq:0.00377_sd:0.00654_transl.frame:0,----SPL-------------RT-,PCYPPRPCSPWWRGGV--R---Q-,----------GG---L-------
124,>41 CluSeq:0.00377_sd:0.00654_transl.frame:1,------LL---A---*-------,-------------GG----GG---,HVILLALAHHGGAEEL--E----
125,>41 CluSeq:0.00377_sd:0.00654_transl.frame:2,MLSSSPLLTMVARRS*-A-----,--------SP--R---S----E--,---LLA-A----------EA---
126,>42 CluSeq:0.00375_sd:0.00649_transl.frame:0,-LS---LL-----RS--------,PCYPPRPCSPWWRGGVS-R-----,-V-LL-L---G------------
127,>42 CluSeq:0.00375_sd:0.00649_transl.frame:1,-LSS-------A-----------,-------------GG-S----E--,HVILLALAHHGGAEEL--EAE--
128,>42 CluSeq:0.00375_sd:0.00649_transl.frame:2,MLSSSPLLTMVARRS*--R----,--------SP--R---S-R---Q-,---LLAL----------------
129,>43 CluSeq:0.0036_sd:0.00462_transl.frame:0,--SS--------RR---------,PCYPPRPCSPWWRGGVS-RG-E--,----------GG-EE--------
130,>43 CluSeq:0.0036_sd:0.00462_transl.frame:1,------LL--VA-----A-----,-------------GGV-----E--,HVILLALAHHGGAEELV-EA-N-
131,>43 CluSeq:0.0036_sd:0.00462_transl.frame:2,MLSSSPLLTMVARRS*--RRRT-,P---PRP-----------------,---LLAL----------------
132,>44 CluSeq:0.00359_sd:0.00621_transl.frame:0,----SPLL------S--------,PCYPPRPCSPWWRGGVS-------,-V-LL-----G------------
133,>44 CluSeq:0.00359_sd:0.00621_transl.frame:1,-LSS-------A-----------,-------------GG-S----E--,HVILLALAHHGGAEEL--EA---
134,>44 CluSeq:0.00359_sd:0.00621_transl.frame:2,MLSSSPLLTMVARRS-----RT-,--------SPW-R-----R---Q-,---LLAL--------L-------
135,>45 CluSeq:0.00349_sd:0.00604_transl.frame:0,-LS---LL-----RS---R----,PCYPPRPCSPWWRGGVS-R-----,-V-LL-----G------------
136,>45 CluSeq:0.00349_sd:0.00604_transl.frame:1,-LSS-------A-----A-----,-------------GG-S----E--,HVILLALAHHGGAEEL--EAE--
137,>45 CluSeq:0.00349_sd:0.00604_transl.frame:2,MLSSSPLLTMVARRS*--R----,P--PPRP-----------------,---LLAL----------------
138,>46 CluSeq:0.00348_sd:0.00306_transl.frame:0,----SP----V-RR---------,PCYPPRPCSPWWRGGVS-RG-E--,----------GG-EE--------
139,>46 CluSeq:0.00348_sd:0.00306_transl.frame:1,------LL--VA-----A-----,-------------GGV-----E--,HVILLALAHHGGAEE-V-EA-N-
140,>46 CluSeq:0.00348_sd:0.00306_transl.frame:2,MLSSSPLLTMVARRS*--RRRT-,P---PRP-----------------,---LLAL----------------
141,>47 CluSeq:0.00345_sd:0.00598_transl.frame:0,----SPLL-------*-------,PCYPPRPCSPWWRGGV---GG---,-V-LL-----G------------
142,>47 CluSeq:0.00345_sd:0.00598_transl.frame:1,-LSS-------------------,-------------GG-S----E--,HVILLALAHHGGAEEL--E----
143,>47 CluSeq:0.00345_sd:0.00598_transl.frame:2,MLSSSPLLTMVARRS*--R-RT-,--------SP--R---S-R-----,---LLAL--------L-------
144,>48 CluSeq:0.00336_sd:0.00313_transl.frame:0,-LSS--L----------------,PCYPPRPCSPWWRGGVS--G----,----------GG---L-------
145,>48 CluSeq:0.00336_sd:0.00313_transl.frame:1,------LL---A--S--------,-------------GG-S-------,HVILLALAHHGGAEEL---A-N-
146,>48 CluSeq:0.00336_sd:0.00313_transl.frame:2,MLSSSPLLTMVARRS*--R----,P---PRP-----------------,---LLAL--------L-------
147,>49 CluSeq:0.00331_sd:0.00573_transl.frame:0,-LSS-------A-----------,PCYPPRPCSPWWRGGVS----E--,----------GGA-----EA---
148,>49 CluSeq:0.00331_sd:0.00573_transl.frame:1,-L---PL-----R----------,-------------GG---R-----,HVILLALAHHGGAEEL-------
149,>49 CluSeq:0.00331_sd:0.00573_transl.frame:2,MLSSSPLLTMVARRS*-------,--------SP--RGG---------,---LLA----G---EL-------
150,>50 CluSeq:0.00331_sd:0.00093_transl.frame:0,----SP----V--RS---RR---,PCYPPRPCSPWWRGGVS-RG-E--,----------GG-EEL-C-----
151,>50 CluSeq:0.00331_sd:0.00093_transl.frame:1,------LL--VA--S--------,-------------GGVS-------,HVILLALAHHGGAEE-V-EA-N-
152,>50 CluSeq:0.00331_sd:0.00093_transl.frame:2,MLSSSPLLTMVARRS*--RRRT-,P---PRP-----------------,---LLAL----------------
153,>51 CluSeq:0.00321_sd:0.00307_transl.frame:0,----SPLL-----RS---R----,PCYPPRPCSPWWRGGVS-R-----,-V-LL-----G------------
154,>51 CluSeq:0.00321_sd:0.00307_transl.frame:1,-LSS-------A-----A-----,-------------GG-S----E--,HVILLALAHHGGAEE---EAE--
155,>51 CluSeq:0.00321_sd:0.00307_transl.frame:2,MLSSSPLLTMVARRS-----RT-,--------SP--R---S-R---Q-,---LLAL----------------
156,>52 CluSeq:0.0032_sd:0.00554_transl.frame:0,----SPLL-----RS--A-----,PCYPPRPCSP--RG-------E--,---LL-----GGAE---------
157,>52 CluSeq:0.0032_sd:0.00554_transl.frame:1,-LSS-------AR----------,-----R---------------EQ-,HVILLALAHH--A-----EAE--
158,>52 CluSeq:0.0032_sd:0.00554_transl.frame:2,MLSSSPLLTM--R-------RT-,--------SP-------MRG----,---LL-L---G------------
159,>53 CluSeq:0.00319_sd:0.00552_transl.frame:0,--SS-------A-----A-----,PCYPPRPCSPWWRGGVS--G----,----------GG----V-EAE--
160,>53 CluSeq:0.00319_sd:0.00552_transl.frame:1,-L---PL-----R----------,-------------GG---R---Q-,HVILLALAHHGGAEEL-------
161,>53 CluSeq:0.00319_sd:0.00552_transl.frame:2,MLSSSPLLTMVARRS*--RR---,--------SP--RG--S-R-----,---LLA--------EL-------
162,>54 CluSeq:0.00306_sd:0.00269_transl.frame:0,-LS---LL---------------,PCYPPRPCSPWWRGGVS--G-E--,-V-LL------------------
163,>54 CluSeq:0.00306_sd:0.00269_transl.frame:1,-LSS-------------------,-------------GG-S-------,HVILLALAHHGGAEEL---A-N-
164,>54 CluSeq:0.00306_sd:0.00269_transl.frame:2,MLSSSPLLTMVARRS*--R-RT-,P---PRP-----------------,---LLAL--------L-------
165,>55 CluSeq:0.00306_sd:0.00052_transl.frame:0,-LS---L----------------,PCYPPRPCSPWWRGGVS-RG-E--,----------GG-EEL-C-----
166,>55 CluSeq:0.00306_sd:0.00052_transl.frame:1,------LL---A--S--------,-------------GG-S-------,HVILLALAHHGGAEEL--EA-N-
167,>55 CluSeq:0.00306_sd:0.00052_transl.frame:2,MLSSSPLLTMVARRS*--RRRT-,P---PRP-----------------,---LLAL----------------
168,>56 CluSeq:0.00305_sd:0.00268_transl.frame:0,----SP---M--RR----R----,PCYPPRPCSPWWRGGV-MRGGE--,----------GG-E---------
169,>56 CluSeq:0.00305_sd:0.00268_transl.frame:1,------LLT--------------,-------------GGV-----E--,HVILLALAHHGGAEELVCEAEN-
170,>56 CluSeq:0.00305_sd:0.00268_transl.frame:2,MLSSSPLLTMVARRS-YARRRT-,--------SPW-R-----R---Q-,---LLA-A---------------
171,>57 CluSeq:0.00292_sd:0.00505_transl.frame:0,----SPL-------------RT-,PCYPPRPCSPWWRGG---R---Q-,----------GG---L-------
172,>57 CluSeq:0.00292_sd:0.00505_transl.frame:1,------LL---A-RS--------,-------------GG-S-------,HVILLALAHHGGAEEL-------
173,>57 CluSeq:0.00292_sd:0.00505_transl.frame:2,MLSSSPLLTMVARRS--A-----,--------SP--R---S----E--,---LLA-A----------EAE--
174,>58 CluSeq:0.00288_sd:0.00498_transl.frame:0,----SPL-------------RT-,PCYPPRPCSPWWRG----R--E--,---LL--------E---------
175,>58 CluSeq:0.00288_sd:0.00498_transl.frame:1,------LL---A-RS---R----,-------------GG-S-R-----,HVILLALAHHGGAEEL-------
176,>58 CluSeq:0.00288_sd:0.00498_transl.frame:2,MLSSSPLLTMVAR-S--A-----,--------SP--RG----------,---LLA-A----------EAE--
177,>59 CluSeq:0.00284_sd:0.00035_transl.frame:0,-LS---LL---------------,PCYPPRPCSPWWRGGVS---GE--,----------GG-EEL-------
178,>59 CluSeq:0.00284_sd:0.00035_transl.frame:1,------LL---A--S--------,-------------GG-S-------,HVILLALAHHGGAEEL---A-N-
179,>59 CluSeq:0.00284_sd:0.00035_transl.frame:2,MLSSSPLLTMVARRS*--RRRT-,P---PRP-----------------,---LLAL----------------
180,>60 CluSeq:0.00282_sd:0.0006_transl.frame:0,----SPL--------*-------,PCYPPRPCSPWWRGGVS-RG-E--,-VIL-------------------
181,>60 CluSeq:0.00282_sd:0.0006_transl.frame:1,------LL---A--S--------,-------------GG-S-------,HVILLALAHHGGAEEL--EA-N-
182,>60 CluSeq:0.00282_sd:0.0006_transl.frame:2,MLSSSPLLTMVARRS*--R-RT-,P-Y-PRP-----------------,---LLAL--------L-------
183,>61 CluSeq:0.00279_sd:0.0011_transl.frame:0,----SP----V--RS*--R----,PCYPPRPCSPWWRGGVS-RG-E--,----------GG-E-L-------
184,>61 CluSeq:0.00279_sd:0.0011_transl.frame:1,------LL--VA--S--------,-------------GGVS-------,HVILLALAHHGGAEE-V-EA-N-
185,>61 CluSeq:0.00279_sd:0.0011_transl.frame:2,MLSSSPLLTMVARRS*--R-RT-,P---PRP-----------------,---LLAL--------L-------
186,>62 CluSeq:0.00267_sd:0.00463_transl.frame:0,----SP----V-------RRR--,PCYPPRPCSPWWRGGV--RG-E--,----------GG-EE--------
187,>62 CluSeq:0.00267_sd:0.00463_transl.frame:1,------LL--VA-----A-----,-------------GGV----GE--,HVILLALAHHGGAEE-V-EA-N-
188,>62 CluSeq:0.00267_sd:0.00463_transl.frame:2,MLSSSPLLTMVARRS*-ARRRT-,--------SP--R---S-R-----,---LLAL----------------
189,>63 CluSeq:0.0026_sd:0.00451_transl.frame:0,----SPL-------------RT-,PCYPPRPCSPWWRG----R--E--,---LL--------E---------
190,>63 CluSeq:0.0026_sd:0.00451_transl.frame:1,------LL--V--RS---R----,-------------GGVS-R-----,HVILLALAHHGGA-EL-------
191,>63 CluSeq:0.0026_sd:0.00451_transl.frame:2,MLSSSPLLTMVAR-S--A-----,--------SP--RG----------,---LLA-A----------EAE--
192,>64 CluSeq:0.00258_sd:0.00447_transl.frame:0,-LS--P-----A-----------,PCYPPRPCSPWWRGGVS-R---Q-,----------GGA----------
193,>64 CluSeq:0.00258_sd:0.00447_transl.frame:1,-LS--------------------,-------------GG-S--GGE--,HVILLALAHHGGAEEL--E----
194,>64 CluSeq:0.00258_sd:0.00447_transl.frame:2,MLSSSPLLTMVARRS*-A-----,P---PR--S------VS-------,---LLA-A----A---V------
195,>65 CluSeq:0.00251_sd:0.00046_transl.frame:0,----SP----V--RS*--R----,PCYPPRPCSPWWRGGVS-RG-E--,----------GG-E-L-------
196,>65 CluSeq:0.00251_sd:0.00046_transl.frame:1,------LL--VA--S--------,-------------GGVS-------,HVILLALAHHGGAEE-V-EA-N-
197,>65 CluSeq:0.00251_sd:0.00046_transl.frame:2,MLSSSPLLTMVARRS*--R-RT-,P---PRP-----------------,---LLAL--------L-------
198,>66 CluSeq:0.00249_sd:0.00431_transl.frame:0,----SPLL-----RS---R----,PCYPPRPCSPWWRGG-S-RG----,---LL-----GG-----------
199,>66 CluSeq:0.00249_sd:0.00431_transl.frame:1,-LSS-------AR----------,-------------GG-S-R-----,HVILLALAHHGGA-----EAE--
200,>66 CluSeq:0.00249_sd:0.00431_transl.frame:2,MLSSSPLLTMVAR-------RT-,--------SP--RG----------,---LLAL---G------------
201,>67 CluSeq:0.00248_sd:0.00429_transl.frame:0,-LSSS------------------,PCYPPRPCSPWWRGGVS-------,----------GG---L-------
202,>67 CluSeq:0.00248_sd:0.00429_transl.frame:1,------LLT--AR----------,-------------GG-S-R-----,HVILLALAHHGGAEEL-C-A---
203,>67 CluSeq:0.00248_sd:0.00429_transl.frame:2,MLSSSPLLTMVARRS*--R----,--------SP--R--V--R---Q-,---LLA---------LV------
204,>68 CluSeq:0.00241_sd:0.00222_transl.frame:0,----SP----V-RR---------,PCYPPRPCSPWWRGGV--RGGEQQ,----------GG-E---------
205,>68 CluSeq:0.00241_sd:0.00222_transl.frame:1,------LL--VA-----------,-------------GGVS----E--,HVILLALAHHGGAEELV-EAENN
206,>68 CluSeq:0.00241_sd:0.00222_transl.frame:2,MLSSSPLLTMVARRS*-ARRRTT,--------SPW-R-----R-----,---LLA-A---------------
207,>69 CluSeq:0.00225_sd:0.00261_transl.frame:0,----SP----V-RR----RR---,PCYPPRPCSPWWRGGVS-RG-E--,----------GG-EE--------
208,>69 CluSeq:0.00225_sd:0.00261_transl.frame:1,------LL--VA-----A-----,-------------GGV----GE--,HVILLALAHHGGAEELV-EA-N-
209,>69 CluSeq:0.00225_sd:0.00261_transl.frame:2,MLSSSPLLTMVARRS*-ARRRT-,--------SP--R---S-R-----,---LLA-A---------------
210,>70 CluSeq:0.00224_sd:0.00051_transl.frame:0,-LS---L--------*-------,PCYPPRPCSPWWRGGVS-RG-E--,----------GG-EEL-------
211,>70 CluSeq:0.00224_sd:0.00051_transl.frame:1,------LL---A--S--------,-------------GG-S-------,HVILLALAHHGGAEEL--EA-N-
212,>70 CluSeq:0.00224_sd:0.00051_transl.frame:2,MLSSSPLLTMVARRS*--RRRT-,P---PRP-----------------,---LLAL----------------
213,>71 CluSeq:0.00219_sd:0.00035_transl.frame:0,----SP---M--RR---------,PCYPPRPCSPWWRGGVSMRGGE--,-V------HH-------------
214,>71 CluSeq:0.00219_sd:0.00035_transl.frame:1,------LL--VA---------TT,-------------GGV-----E--,HVILLALAHHGGAEELVCEAEN-
215,>71 CluSeq:0.00219_sd:0.00035_transl.frame:2,MLSSSPLLTMVARRS*YARRRT-,--------SP--R---S-R---Q-,---LLA-A---------------
216,>72 CluSeq:0.00219_sd:0.00307_transl.frame:0,----SP---M--RR---------,PCYPPRPCSPWWRGGV-MRGGEQ-,----------GG-E---------
217,>72 CluSeq:0.00219_sd:0.00307_transl.frame:1,------LLT--------------,-------------GGV-----E--,HVILLALAHHGGAEELVCEAENN
218,>72 CluSeq:0.00219_sd:0.00307_transl.frame:2,MLSSSPLLTMVARRS-YARRRTT,--------SPW-R-----R---Q-,---LLA-A---------------
219,>73 CluSeq:0.00204_sd:0.00354_transl.frame:0,----SP----V-RR----R----,PCYPPRPCSPWWRGGV--RGGE--,----------GG-E---------
220,>73 CluSeq:0.00204_sd:0.00354_transl.frame:1,------LLT--------------,-------------GGVS----E--,HVILLALAHHGGAEELV-EAEN-
221,>73 CluSeq:0.00204_sd:0.00354_transl.frame:2,MLSSSPLLTMVARRS*-ARRRT-,--------SPW-R-----R---Q-,---LLA-A---------------
222,>74 CluSeq:0.00198_sd:0.00343_transl.frame:0,-LSSS------A-----------,PCYPPRPCSPWWRGGVS----E--,----------GG---L--EA---
223,>74 CluSeq:0.00198_sd:0.00343_transl.frame:1,-L---PL-----R----------,-------------GG---R-----,HVILLALAHHGGAEEL---A---
224,>74 CluSeq:0.00198_sd:0.00343_transl.frame:2,MLSSSPLLTMVARRS*-------,--------SP--RG----------,---LLA--------EL-------
225,>75 CluSeq:0.00194_sd:0.00172_transl.frame:0,----SP----V-RR---------,PCYPPRPCSPWWRGGV--RGGEQ-,----------GG-E---------
226,>75 CluSeq:0.00194_sd:0.00172_transl.frame:1,------LLT--------------,-------------GGVS----E--,HVILLALAHHGGAEELV-EAENN
227,>75 CluSeq:0.00194_sd:0.00172_transl.frame:2,MLSSSPLLTMVARRS*-ARRRTT,--------SPW-R-----R---Q-,---LLA-A---------------
228,>76 CluSeq:0.00189_sd:0.00092_transl.frame:0,----SP---M--R----------,PCYPPRPCSPWWRGGV-MRGGEQQ,----------GG-E---------
229,>76 CluSeq:0.00189_sd:0.00092_transl.frame:1,------LL--VA-----------,-------------GGV-----E--,HVILLALAHHGGAE-LVCEAENN
230,>76 CluSeq:0.00189_sd:0.00092_transl.frame:2,MLSSSPLLTMVARR--YARRRTT,--------SPW-R-----R-----,---LLA-A---------------
231,>77 CluSeq:0.00187_sd:0.00068_transl.frame:0,----SP----V--RS*--R----,PCYPPRPCSPWWRGGVS-R-----,----------GG-E-L-------
232,>77 CluSeq:0.00187_sd:0.00068_transl.frame:1,------LL--VA--S--------,-------------GGVS-------,HVILLALAHHGGAEE-V--A-N-
233,>77 CluSeq:0.00187_sd:0.00068_transl.frame:2,MLSSSPLLTMVARRS*--R-RT-,P---PRP-----------------,---LLAL--------L-------
234,>78 CluSeq:0.00185_sd:0.00171_transl.frame:0,-LS---LL---------------,PCYPPRPCSPWWRGGVS--G----,-V-LL------------------
235,>78 CluSeq:0.00185_sd:0.00171_transl.frame:1,-LSS-------------------,-------------GG-S-------,HVILLALAHHGGAEEL---A-NN
236,>78 CluSeq:0.00185_sd:0.00171_transl.frame:2,MLSSSPLLTMVARRS*--R--T-,P---PRP-----------------,---LLAL--------L-------
237,>79 CluSeq:0.00181_sd:0.00161_transl.frame:0,----SP---M--RR---------,PCYPPRPCSPWWRGGVSMRGGEQQ,----------GG-E---------
238,>79 CluSeq:0.00181_sd:0.00161_transl.frame:1,------LL--VA-----------,-------------GGV-----E--,HVILLALAHHGGAEELVCEAENN
239,>79 CluSeq:0.00181_sd:0.00161_transl.frame:2,MLSSSPLLTMVARRS*YARRRTT,--------SP--R---S-R-----,---LLA-A---------------
240,>80 CluSeq:0.00171_sd:0.00296_transl.frame:0,----SPL---V------------,PCYPPRPCSPW---GV--------,------------AEELV------
241,>80 CluSeq:0.00171_sd:0.00296_transl.frame:1,------LL---ARRS*-------,-----R--S---RGG----G----,HVILLALAHHG------------
242,>80 CluSeq:0.00171_sd:0.00296_transl.frame:2,MLSSSPLLT--ARRS---R----,--------SP--RG----------,---LLA-A--G------------
243,>81 CluSeq:0.00171_sd:0.00296_transl.frame:0,----SP----V--RS---RR---,PCYPPRPCSPWWRGGVS-RG-E--,----------GG-EE--------
244,>81 CluSeq:0.00171_sd:0.00296_transl.frame:1,------LL--VA-----A---T-,-------------GGV-----E--,HVILLALAHHGGAEE-V-EA-N-
245,>81 CluSeq:0.00171_sd:0.00296_transl.frame:2,MLSSSPLLTMVARRS*--RRRT-,P---PRP-----------------,---LLAL----------------
246,>82 CluSeq:0.00163_sd:0.00283_transl.frame:0,----SPL-----RR---------,PCYPPRPCSPWWRGG-S-R-----,---L------G------------
247,>82 CluSeq:0.00163_sd:0.00283_transl.frame:1,------LL---A-RS--A-----,-------------GG-S-RG----,HVILLALAHHGGAE-L---A---
248,>82 CluSeq:0.00163_sd:0.00283_transl.frame:2,MLSSSPLLTMVARR---------,--------SP--RG----R--EQ-,---LLA------------EAE--
249,>83 CluSeq:0.00157_sd:0.00273_transl.frame:0,----SP----VARR---------,PCYPPRPCSPWWRGGVS-R-----,----------GGAE---------
250,>83 CluSeq:0.00157_sd:0.00273_transl.frame:1,------LL---AR-S--------,P----RP-S---------------,HVILLALAHHGGAEEL---A---
251,>83 CluSeq:0.00157_sd:0.00273_transl.frame:2,MLSSSPLLTMVARRS--A-----,--------SP--RGG-S-R-----,---LLA----GGA----------
252,>84 CluSeq:0.00156_sd:0.00059_transl.frame:0,----SP---M--R----------,PCYPPRPCSPWWRGGV-MRGGE--,-V------HH-------------
253,>84 CluSeq:0.00156_sd:0.00059_transl.frame:1,------LLT--------------,-------------GGV-----E--,HVILLALAHHGGAEELVCEAEN-
254,>84 CluSeq:0.00156_sd:0.00059_transl.frame:2,MLSSSPLLTMVARRS-YARRRT-,--------SPW-R-----R-----,---LLA-A---------------
255,>85 CluSeq:0.00154_sd:0.00144_transl.frame:0,----SP----V-RR----R----,PCYPPRPCSPWWRGGVS-RG-E--,----------GG-EE--------
256,>85 CluSeq:0.00154_sd:0.00144_transl.frame:1,------LL--VA-----A-----,-------------GGV----GE--,HVILLALAHHGGAEELV-EA-N-
257,>85 CluSeq:0.00154_sd:0.00144_transl.frame:2,MLSSSPLLTMVARRS*-ARRRT-,--------SP--R---S-R-----,---LLA-A---------------
258,>86 CluSeq:0.00153_sd:0.00266_transl.frame:0,-LS---------RR---------,PCYPPRPCSPWWRGGVS-RG-E--,----------GG-EE--------
259,>86 CluSeq:0.00153_sd:0.00266_transl.frame:1,------LLT--------------,-------------GG------E--,HVILLALAHHGGAEEL--EA-N-
260,>86 CluSeq:0.00153_sd:0.00266_transl.frame:2,MLSSSPLLTMVARRS*--RRRT-,P---PRP-----------------,---LLAL----------------
261,>87 CluSeq:0.00153_sd:0.00044_transl.frame:0,----SP---M--R----------,PCYPPRPCSPWWRGGV-MRGGEQQ,----------GG-E---------
262,>87 CluSeq:0.00153_sd:0.00044_transl.frame:1,------LL--VA-----------,-------------GGV-----E--,HVILLALAHHGGAEELVCEAENN
263,>87 CluSeq:0.00153_sd:0.00044_transl.frame:2,MLSSSPLLTMVARRS-YARRRTT,--------SPW-R-----R-----,---LLA-A---------------
264,>88 CluSeq:0.00152_sd:0.00264_transl.frame:0,-LS---LL----R----------,PCYPPRPCSPWWRGGVS-R-----,-V-LL-----G------------
265,>88 CluSeq:0.00152_sd:0.00264_transl.frame:1,-LSS-------A-----------,-------------GG-S----E--,HVILLALAHHGGAEEL--EA---
266,>88 CluSeq:0.00152_sd:0.00264_transl.frame:2,MLSSSPLLTMVARRS*----RT-,P---PRP-----R---------Q-,---LLAL----------------
267,>89 CluSeq:0.00151_sd:0.00041_transl.frame:0,-LS---LL---------------,PCYPPRPCSPWWRGGVS-R-----,----------GG---L-------
268,>89 CluSeq:0.00151_sd:0.00041_transl.frame:1,------LL---A--S--------,-------------GG-S-------,HVILLALAHHGGAEEL---A-NN
269,>89 CluSeq:0.00151_sd:0.00041_transl.frame:2,MLSSSPLLTMVARRS*--R--T-,P---PRP-----------------,---LLAL--------L-------
270,>90 CluSeq:0.00151_sd:0.00159_transl.frame:0,--SS--------RR---------,PCYPPRPCSPWWRGGVS-RGGE--,----------GG-E---------
271,>90 CluSeq:0.00151_sd:0.00159_transl.frame:1,------LL--VA-----A-----,-------------GGV-----E--,HVILLALAHHGGAEELV-EAEN-
272,>90 CluSeq:0.00151_sd:0.00159_transl.frame:2,MLSSSPLLTMVARRS*--RRRT-,P---PRP-----------------,---LLA-----------------
273,>91 CluSeq:0.00144_sd:0.00056_transl.frame:0,----SP---M--R----------,PCYPPRPCSPWWRGGV-MRGGEQ-,----------GG-E---------
274,>91 CluSeq:0.00144_sd:0.00056_transl.frame:1,------LL--VA-----------,-------------GGV-----E--,HVILLALAHHGGAEELVCEAENN
275,>91 CluSeq:0.00144_sd:0.00056_transl.frame:2,MLSSSPLLTMVARRS-YARRRTT,--------SPW-R-----R-----,---LLA-A---------------
276,>92 CluSeq:0.00142_sd:0.00046_transl.frame:0,----SP----V--RS*--R----,PCYPPRPCSPWWRGGVS-R-----,----------GG-E-L-C-----
277,>92 CluSeq:0.00142_sd:0.00046_transl.frame:1,------LL--VA--S--------,-------------GGVS-------,HVILLALAHHGGAEE-V--A-N-
278,>92 CluSeq:0.00142_sd:0.00046_transl.frame:2,MLSSSPLLTMVARRS*--R-RT-,P---PRP-----------------,---LLAL--------L-------
279,>93 CluSeq:0.00141_sd:0.00123_transl.frame:0,----SP----V-RRS---R----,PCYPPRPCSPWWRGGV--RGGE--,----------GG-E---------
280,>93 CluSeq:0.00141_sd:0.00123_transl.frame:1,------LL--VA-----A-----,-------------GGV----GE--,HVILLALAHHGGAEELV-EAE--
281,>93 CluSeq:0.00141_sd:0.00123_transl.frame:2,MLSSSPLLTMVARRS*-ARRR--,--------SPW-R-----R-----,---LLAL----------------
282,>94 CluSeq:0.0014_sd:0.00242_transl.frame:0,-LS--PL--M-------------,PCYPPRPCSPWWRGGVSM------,----------GG-E-LV------
283,>94 CluSeq:0.0014_sd:0.00242_transl.frame:1,------LL---AR--*-------,-------------GG---R-----,HVILLALAHHGGAEEL-C---N-
284,>94 CluSeq:0.0014_sd:0.00242_transl.frame:2,MLSSSPLLTMVARRS*-A---T-,--------SP--RG--S-------,---LLA-A--G------------
285,>95 CluSeq:0.00138_sd:0.00239_transl.frame:0,----SP----V-RR----R----,PCYPPRPCSPWWRGGVS-RGGE--,----------GG-E---------
286,>95 CluSeq:0.00138_sd:0.00239_transl.frame:1,------LLT--------------,-------------GGVS----E--,HVILLALAHHGGAEELV-EAEN-
287,>95 CluSeq:0.00138_sd:0.00239_transl.frame:2,MLSSSPLLTMVARRS*Y-RRRTT,P-YP-R------R-----R---Q-,---LLA-----------------
288,>96 CluSeq:0.00136_sd:0.00236_transl.frame:0,-LSSS------------------,PCYPPRPCSPWWRGGVS----E--,-V-LLA-------E---------
289,>96 CluSeq:0.00136_sd:0.00236_transl.frame:1,-L---PL----------------,-------------GG---R-----,HVILLALAHHGGAEEL---A---
290,>96 CluSeq:0.00136_sd:0.00236_transl.frame:2,MLSSSPLLTMVARRS*-------,--------SP--RG-------E--,---LLA----G---EL-------
291,>97 CluSeq:0.00136_sd:0.00235_transl.frame:0,-LSSS------------------,PCYPPRPCSPWWRGGVS-R--E--,----------GGAE---------
292,>97 CluSeq:0.00136_sd:0.00235_transl.frame:1,------LL---AR--*-A-----,-----RP---------------Q-,HVILLALAHHGGAEEL---A---
293,>97 CluSeq:0.00136_sd:0.00235_transl.frame:2,MLSSSPLLTMVARRS*--R----,--------SP--RGG-S-R-----,---LLA----GG-E---------
294,>98 CluSeq:0.00131_sd:0.00227_transl.frame:0,-LSSS------------------,PCYPPRPCSPWWRGGVS----E--,----------GGAE---------
295,>98 CluSeq:0.00131_sd:0.00227_transl.frame:1,------LL---AR--*-A-----,-----RP---------------Q-,HVILLALAHHGGAEEL---A---
296,>98 CluSeq:0.00131_sd:0.00227_transl.frame:2,MLSSSPLLTMVARRS*--R----,P--PPR------------------,---LLAL------E---------
297,>99 CluSeq:0.00128_sd:0.00103_transl.frame:0,----SP----V-RR----R----,PCYPPRPCSPWWRGGVS-RGGE--,----------GG-E---------
298,>99 CluSeq:0.00128_sd:0.00103_transl.frame:1,------LL--VA-----A-----,-------------GGV----GE--,HVILLALAHHGGAEELV-EAEN-
299,>99 CluSeq:0.00128_sd:0.00103_transl.frame:2,MLSSSPLLTMVARRS*-ARRRT-,--------SP--R---S-R-----,---LLA-A---------------
300,>100 CluSeq:0.00126_sd:0.00123_transl.frame:0,----SP----V--RS*-------,PCYPPRPCSPWWRGGVS-RG-E--,----------GG-EEL-------
301,>100 CluSeq:0.00126_sd:0.00123_transl.frame:1,------LL--VA--S--------,-------------GGVS-------,HVILLALAHHGGAEE-V-EA-N-
302,>100 CluSeq:0.00126_sd:0.00123_transl.frame:2,MLSSSPLLTMVARRS*--RRRT-,P---PRP-----------------,---LLAL----------------
303,>101 CluSeq:0.00118_sd:0.00049_transl.frame:0,----SP----V-RR----RR---,PCYPPRPCSPWWRGGVS-RGGE--,----------GG-E---------
304,>101 CluSeq:0.00118_sd:0.00049_transl.frame:1,------LL--VA-----A-----,-------------GGV----GE--,HVILLALAHHGGAEELV-EAEN-
305,>101 CluSeq:0.00118_sd:0.00049_transl.frame:2,MLSSSPLLTMVARRS*-ARRRT-,--------SP--R---S-R-----,---LLA-A---------------
306,>102 CluSeq:0.00117_sd:0.00202_transl.frame:0,----SPL----------------,PCYPPRPCSPWWRGGVS-RG-E--,-VIL-------------------
307,>102 CluSeq:0.00117_sd:0.00202_transl.frame:1,------LL---A--S--------,-------------GG-S-------,HVILLALAHHGGAEEL--EA-N-
308,>102 CluSeq:0.00117_sd:0.00202_transl.frame:2,MLSSSPLLTMVARRS*--R-RT-,P-Y-PRP-----------------,---LLAL--------L-------
309,>103 CluSeq:0.00111_sd:0.00191_transl.frame:0,----SPLL-----RS---R----,PCYPPRPCSPWWRGG-S-R-----,---LL-----G------------
310,>103 CluSeq:0.00111_sd:0.00191_transl.frame:1,-LSS-------A-----A-----,-------------GG-S--G----,HVILLALAHHGGA-----EAE--
311,>103 CluSeq:0.00111_sd:0.00191_transl.frame:2,MLSSSPLLTMVAR-------RT-,--------SP--R-----R--E--,---LLAL------E---------
312,>104 CluSeq:0.0011_sd:0.00191_transl.frame:0,----SPL-------------RT-,PCYPPRPCSPWWRG--S-------,---LL-----G------------
313,>104 CluSeq:0.0011_sd:0.00191_transl.frame:1,------LL---A-RS---R----,-------------GG-S-RG----,HVILLALAHHGG--EL-------
314,>104 CluSeq:0.0011_sd:0.00191_transl.frame:2,MLSSSPLLTMVAR----------,--------SP--R--------E--,---LLA------------EAE--
315,>105 CluSeq:0.00109_sd:0.00185_transl.frame:0,----SP---M--RR---------,PCYPPRPCSPWWRGG-SMRGGEQQ,----------GG-E---------
316,>105 CluSeq:0.00109_sd:0.00185_transl.frame:1,------LL--VA-----------,-------------GGV-----E--,HVILLALAHHGGAEE-VCEAENN
317,>105 CluSeq:0.00109_sd:0.00185_transl.frame:2,MLSSSPLLTMVARR-*YARRRTT,--------SP--R-----R-----,---LLA-A---------------
318,>106 CluSeq:0.00102_sd:0.00172_transl.frame:0,----SP---M--R----------,PCYPPRPCSPWWRGGV-M-GGEQQ,----------GG-E---------
319,>106 CluSeq:0.00102_sd:0.00172_transl.frame:1,------LL--VA-----------,-------------GGV-----E--,HVILLALAHHGGAEELVC-AENN
320,>106 CluSeq:0.00102_sd:0.00172_transl.frame:2,MLSSSPLLTMVARRS-YARRRTT,--------SPW-R-----R-----,---LLA-A---------------
321,>107 CluSeq:0.00099_sd:0.0009_transl.frame:0,----SP---M--R----------,PCYPPRPCSPWWRGGV-MRGGEQ-,----------GG-E---------
322,>107 CluSeq:0.00099_sd:0.0009_transl.frame:1,------LLT--------------,-------------GGV-----E--,HVILLALAHHGGAEELVCEAEN-
323,>107 CluSeq:0.00099_sd:0.0009_transl.frame:2,MLSSSPLLTMVARRS-YARRRT-,--------SPW-R-----R-----,---LLA-A---------------
324,>108 CluSeq:0.00098_sd:0.0017_transl.frame:0,----SP----V-RR----R----,PCYPPRPCSPWWRGGVS-RGGE--,----------GG-E---------
325,>108 CluSeq:0.00098_sd:0.0017_transl.frame:1,------LLT--------------,-------------GGVS----E--,HVILLALAHHGGAEELV-EAEN-
326,>108 CluSeq:0.00098_sd:0.0017_transl.frame:2,MLSSSPLLTMVARRS*Y-RRRT-,P-YPP-----------------Q-,---LLA-----------------
327,>109 CluSeq:0.00097_sd:0.00168_transl.frame:0,-LSS-------------------,PCYPPRPCSPWWRGG-S-------,---L------G------------
328,>109 CluSeq:0.00097_sd:0.00168_transl.frame:1,------LL---A-RS--A-----,-------------GG-S-RG----,HVILLALAHHGGAE-L---A---
329,>109 CluSeq:0.00097_sd:0.00168_transl.frame:2,MLSSSPLLTMVARR---------,--------SP--RG----R--EQ-,---LLA------------EAE--
330,>110 CluSeq:0.00096_sd:0.00014_transl.frame:0,--SS--------RR---------,PCYPPRPCSPWWRGGVS-RG-E--,----------GG-EE--------
331,>110 CluSeq:0.00096_sd:0.00014_transl.frame:1,------LL--VA-----A-----,-------------GGV-----E--,HVILLALAHHGGAEELV-EA-N-
332,>110 CluSeq:0.00096_sd:0.00014_transl.frame:2,MLSSSPLLTMVARRS*--RRRT-,P---PRP-----------------,---LLA-----------------
333,>111 CluSeq:0.00088_sd:0.00086_transl.frame:0,----SP---M--RR---------,PCYPPRPCSPWWRGGVSMRGGEQ-,----------GG-E---------
334,>111 CluSeq:0.00088_sd:0.00086_transl.frame:1,------LLT--------------,-------------GGV-----E--,HVILLALAHHGGAEELVCEAENN
335,>111 CluSeq:0.00088_sd:0.00086_transl.frame:2,MLSSSPLLTMVARRS*YARRRTT,--------SP--R---S-R---Q-,---LLA-A---------------
336,>112 CluSeq:0.00088_sd:0.00149_transl.frame:0,----SP---M--RR---------,PCYPPRPCSPWWRGGV-MRGGE--,-V------HH-------------
337,>112 CluSeq:0.00088_sd:0.00149_transl.frame:1,------LL--VA---------TT,-------------GGV-----E--,HVILLALAHHGGAEELVCEAEN-
338,>112 CluSeq:0.00088_sd:0.00149_transl.frame:2,MLSSSPLLTMVARRS-YARRRT-,--------SPW-R-----R---Q-,---LLA-A---------------
339,>113 CluSeq:0.00086_sd:0.00082_transl.frame:0,-LS---LL---------------,PCYPPRPCSPWWRGGVS-R-----,----------GG---L-C-----
340,>113 CluSeq:0.00086_sd:0.00082_transl.frame:1,------LL---A--S--------,-------------GG-S-------,HVILLALAHHGGAEEL---A-NN
341,>113 CluSeq:0.00086_sd:0.00082_transl.frame:2,MLSSSPLLTMVARRS*--R--T-,P---PRP-----------------,---LLAL--------L-------
342,>114 CluSeq:0.00085_sd:0.00148_transl.frame:0,-LSS--------R----------,PCYPPRPCSPWWRGGVS-R-----,----------GG-E---------
343,>114 CluSeq:0.00085_sd:0.00148_transl.frame:1,------LL--V---S--------,-------------GGVS-------,HVILLALAHHGGAEELV------
344,>114 CluSeq:0.00085_sd:0.00148_transl.frame:2,MLSSSPLLTMVARRS*-AR----,P--P-RP---------------Q-,---LLA-A----A----------
345,>115 CluSeq:0.00082_sd:0.00143_transl.frame:0,-LS---L---VAR----------,PCYPPRPCSPWWRGGVS-R---Q-,----------GG---LVC-----
346,>115 CluSeq:0.00082_sd:0.00143_transl.frame:1,-LS--------------------,--------SP---G--S-------,HVILLALAHHGGAEEL---A---
347,>115 CluSeq:0.00082_sd:0.00143_transl.frame:2,MLSSSPLLTMVARRS*-A-----,P--P-RP-S------V--------,---LLA-A--------V------
348,>116 CluSeq:0.00078_sd:0.00135_transl.frame:0,----SP---M--R----------,PCYPPRPCSPWWRGGVSMRGGEQ-,----------GG-E---------
349,>116 CluSeq:0.00078_sd:0.00135_transl.frame:1,------LL--VA-----------,-------------GGV-----E--,HVILLALAHHGGAEELVCEAENN
350,>116 CluSeq:0.00078_sd:0.00135_transl.frame:2,MLSSSPLLTMVARRS*YARRRTT,--------SP--R---S-R-----,---LLA-A---------------
351,>117 CluSeq:0.00077_sd:0.00134_transl.frame:0,----SP---M--RR----R----,PCYPPRPCSPWWRGGV-MRGGE--,----------GG-E---------
352,>117 CluSeq:0.00077_sd:0.00134_transl.frame:1,------LLT--------------,-------------GGV-----E--,HVILLALAHHGGAEELVCEAEN-
353,>117 CluSeq:0.00077_sd:0.00134_transl.frame:2,MLSSSPLLTMVARRS-YARRRTT,--------SPW-R-----R---Q-,---LLA-A---------------
354,>118 CluSeq:0.00076_sd:0.00128_transl.frame:0,----SP----VARR---------,PCYPPRPCSPWWRGGV--RGG---,-V--------GGA----------
355,>118 CluSeq:0.00076_sd:0.00128_transl.frame:1,------LL--VA-----A-----,-------------GGV----GE--,HVILLALAHHGGAEELV-EAE--
356,>118 CluSeq:0.00076_sd:0.00128_transl.frame:2,MLSSSPLLTMVARRS*-ARR-T-,--------SPW-R---S-------,---LLA-A---------------
357,>119 CluSeq:0.00075_sd:0.00129_transl.frame:0,----SP----VARR---------,PCYPPRPCSPWWRGGVS-R-----,----------GGAE---------
358,>119 CluSeq:0.00075_sd:0.00129_transl.frame:1,------LL---AR-S--------,P----RP-S---------------,HVILLALAHHGGAEEL---A---
359,>119 CluSeq:0.00075_sd:0.00129_transl.frame:2,MLSSSPLLTMVARRS--A-----,--------SP--RGG-S-R-----,---LLA----GGA----------
360,>120 CluSeq:0.00074_sd:7e-05_transl.frame:0,----SP----V-RR----R----,PCYPPRPCSPWWRGGV--RGGE--,----------GG-E---------
361,>120 CluSeq:0.00074_sd:7e-05_transl.frame:1,------LL--VA-----A-----,-------------GGV----GE--,HVILLALAHHGGAEELV-EAEN-
362,>120 CluSeq:0.00074_sd:7e-05_transl.frame:2,MLSSSPLLTMVARRS*-ARRRT-,--------SPW-R-----R-----,---LLA-A---------------
363,>121 CluSeq:0.00073_sd:0.00126_transl.frame:0,----SP----V-RR---------,PCYPPRPCSPWWRGGV--RGGE--,-VI-----HH-------------
364,>121 CluSeq:0.00073_sd:0.00126_transl.frame:1,------LL--VA---------TT,-------------GGVS----E--,HVILLALAHHGGAEELV-EAEN-
365,>121 CluSeq:0.00073_sd:0.00126_transl.frame:2,MLSSSPLLTMVARRS-Y-RRRT-,P-YPP-----------------Q-,---LLA-----------------
366,>122 CluSeq:0.00072_sd:0.00071_transl.frame:0,----SP----V-RR---------,PCYPPRPCSPWWRGGVS-RGGE--,-V------HH-------------
367,>122 CluSeq:0.00072_sd:0.00071_transl.frame:1,------LLT--------------,-------------GGV----GE--,HVILLALAHHGGAEELV-EAEN-
368,>122 CluSeq:0.00072_sd:0.00071_transl.frame:2,MLSSSPLLTMVARRS*-ARRRT-,--------SP--R---S-R-----,---LLA-A---------------
369,>123 CluSeq:0.00068_sd:0.00118_transl.frame:0,----SP----V-RR---------,PCYPPRPCSPWWRGGVS-RG-EQQ,----------GG-EE--------
370,>123 CluSeq:0.00068_sd:0.00118_transl.frame:1,------LL--VA-----------,-------------GGVS----E--,HVILLALAHHGGAEELV-EA-NN
371,>123 CluSeq:0.00068_sd:0.00118_transl.frame:2,MLSSSPLLTMVARRS*Y-RRRTT,P-YP-R------R-----R-----,---LLA-----------------
372,>124 CluSeq:0.00067_sd:0.00116_transl.frame:0,-LS-SPL-------S--------,PCYPPRPCSPWWRGGVS--G-E--,----------GG-E---------
373,>124 CluSeq:0.00067_sd:0.00116_transl.frame:1,------LL--V------------,-C---RP-S------V--------,HVILLALAHHGGAEELV------
374,>124 CluSeq:0.00067_sd:0.00116_transl.frame:2,MLSSSPLLTMVARRS*-AR----,P--P-RP---------------Q-,---LLA-A---------------
375,>125 CluSeq:0.00066_sd:0.00115_transl.frame:0,-LS--------AR----------,PCYPPRPCSPWWRGGVS-RG-E--,----------GG---L--EA---
376,>125 CluSeq:0.00066_sd:0.00115_transl.frame:1,------LL---A--S--------,-------------GG-S-------,HVILLALAHHGGAEEL--EA---
377,>125 CluSeq:0.00066_sd:0.00115_transl.frame:2,MLSSSPLLTMVARRS*--RR-T-,P---PRP-----------------,---LLAL----------------
378,>126 CluSeq:0.00066_sd:0.00115_transl.frame:0,----SP--------------RT-,PCYPPRPCSPW-RGG---------,-----A----G------------
379,>126 CluSeq:0.00066_sd:0.00115_transl.frame:1,------LL---ARRS--A-----,------------RGG------E--,HVILLALAHHGGAE---------
380,>126 CluSeq:0.00066_sd:0.00115_transl.frame:2,MLSSSPLLTM-ARR---------,--------SP--R--------EQ-,---LL--------E----EAE--
381,>127 CluSeq:0.00065_sd:0.00113_transl.frame:0,-LS---LL------S*-------,PCYPPRPCSPWWRGGVS-------,-V-LL------------------
382,>127 CluSeq:0.00065_sd:0.00113_transl.frame:1,------LL---AR----------,-------------GG---R-----,HVILLALAHHGGAEEL-C-A---
383,>127 CluSeq:0.00065_sd:0.00113_transl.frame:2,MLSSSPLLTMVARRS*-------,--------SP--R--V-----E--,---LLAL-------EL--E----
384,>128 CluSeq:0.00065_sd:0.00056_transl.frame:0,----SP----V-RR---------,PCYPPRPCSPWWRGGVS-RG-E--,-V------HH-------------
385,>128 CluSeq:0.00065_sd:0.00056_transl.frame:1,------LLT--------------,-------------GGV----GE--,HVILLALAHHGGAEELV-EA-N-
386,>128 CluSeq:0.00065_sd:0.00056_transl.frame:2,MLSSSPLLTMVARRS*-ARRRT-,--------SP--R---S-R-----,---LLA-A---------------
387,>129 CluSeq:0.00062_sd:0.00108_transl.frame:0,-LS---LL---------------,PCYPPRPCSPWWRGGVS--G----,-V-LL------------C-----
388,>129 CluSeq:0.00062_sd:0.00108_transl.frame:1,-LSS-------------------,-------------GG-S-------,HVILLALAHHGGAEEL---A-NN
389,>129 CluSeq:0.00062_sd:0.00108_transl.frame:2,MLSSSPLLTMVARRS*--R--T-,P---PRP-----------------,---LLAL--------L-------
390,>130 CluSeq:0.00062_sd:0.00108_transl.frame:0,-LS---L----ARR---------,PCYPPRPCSPWWRGGVS-RG----,----------GGAE---------
391,>130 CluSeq:0.00062_sd:0.00108_transl.frame:1,------LL---ARR---------,-------------GG-S-R--E--,HVILLALAHHGGAEEL--EAE--
392,>130 CluSeq:0.00062_sd:0.00108_transl.frame:2,MLSSSPLLTMVARRS*-AR----,--------SP--RG----------,---LLA-A--G------------
393,>131 CluSeq:0.00062_sd:0.00104_transl.frame:0,----SP---M--RR----R----,PCYPPRPCSPWWRGGVSMRGGEQ-,----------GG-E---------
394,>131 CluSeq:0.00062_sd:0.00104_transl.frame:1,------LL--VA-----------,-------------GGV-----E--,HVILLALAHHGGAEELVCEAEN-
395,>131 CluSeq:0.00062_sd:0.00104_transl.frame:2,MLSSSPLLTMVARRS*YARRRTT,--------SP--R---S-R-----,---LLA-A---------------
396,>132 CluSeq:0.00061_sd:0.00052_transl.frame:0,----SP---M--R----------,PCYPPRPCSPWWRGGV-MRGGEQ-,----------GG-E---------
397,>132 CluSeq:0.00061_sd:0.00052_transl.frame:1,------LL--VA-----------,-------------GGV-----E--,HVILLALAHHGGAE-LVCEAENN
398,>132 CluSeq:0.00061_sd:0.00052_transl.frame:2,MLSSSPLLTMVARR--YARRRTT,--------SPW-R-----R-----,---LLA-A---------------
399,>133 CluSeq:0.00059_sd:0.00101_transl.frame:0,----SP---M--RR---------,PCYPPRPCSPWWRGGV-MRGGEQQ,----------GG-E---------
400,>133 CluSeq:0.00059_sd:0.00101_transl.frame:1,------LL--VA-----------,-------------GGV-----E--,HVILLALAHHGGAE-LVCEAENN
401,>133 CluSeq:0.00059_sd:0.00101_transl.frame:2,MLSSSPLLTMVARR--YARRRTT,--------SP--RG----R-----,---LLA-A---------------
402,>134 CluSeq:0.00059_sd:0.00102_transl.frame:0,-LS--------A-----------,PCYPPRPCSPWWRGGVS-R-----,----------GGA----------
403,>134 CluSeq:0.00059_sd:0.00102_transl.frame:1,------LL--V---S--------,-----RP-S------VS----E--,HVILLALAHHGGAEE-V-E----
404,>134 CluSeq:0.00059_sd:0.00102_transl.frame:2,MLSSSPLLTMVARRS--AR----,P----RP-S---------------,---LLA-A----A----------
405,>135 CluSeq:0.00058_sd:0.001_transl.frame:0,----SP----V-RR----RR---,PCYPPRPCSPWWRGGV--RGGE--,----------GG-E---------
406,>135 CluSeq:0.00058_sd:0.001_transl.frame:1,------LL--VA-----A-----,-------------GGV----GE--,HVILLALAHHGGAEELV-EAE--
407,>135 CluSeq:0.00058_sd:0.001_transl.frame:2,MLSSSPLLTMVARRS*-ARRR--,--------SPW-R-----R-----,---LLAL----------------
408,>136 CluSeq:0.00057_sd:0.00099_transl.frame:0,-LS---L---VAR--*-------,PCYPPRPCSPWWRGGVS-R---Q-,----------GG---LV--A---
409,>136 CluSeq:0.00057_sd:0.00099_transl.frame:1,-LS--------------------,--------SP---G--S-------,HVILLALAHHGGAEEL---A---
410,>136 CluSeq:0.00057_sd:0.00099_transl.frame:2,MLSSSPLLTMVARRS*-A-----,P--P-RP-S------V--------,---LLA-A--------V------
411,>137 CluSeq:0.00056_sd:0.00098_transl.frame:0,----SP----V-RRS---R----,PCYPPRPCSPWWRGGV--RGGE--,----------GG-E---------
412,>137 CluSeq:0.00056_sd:0.00098_transl.frame:1,------LL--VA-----A-----,-------------GGV----GE--,HVILLALAHHGGAEELV-EAE--
413,>137 CluSeq:0.00056_sd:0.00098_transl.frame:2,MLSSSPLLTMVARRS*-ARRR--,--------SPW-R-----R---Q-,---LLA-A---------------
414,>138 CluSeq:0.00056_sd:0.00095_transl.frame:0,----SP---M--R----------,PCYPPRPCSPWWRGGV-MRGGE--,-V------HH-------------
415,>138 CluSeq:0.00056_sd:0.00095_transl.frame:1,------LLT--------------,-------------GGV-----E--,HVILLALAHHGGAE-LVCEAEN-
416,>138 CluSeq:0.00056_sd:0.00095_transl.frame:2,MLSSSPLLTMVARR--YARRRT-,--------SPW-R-----R-----,---LLA-A---------------
417,>139 CluSeq:0.00055_sd:0.00094_transl.frame:0,----SP----VARR---------,PCYPPRPCSPWWRGGVS-RG-E--,----------GG----V-EA---
418,>139 CluSeq:0.00055_sd:0.00094_transl.frame:1,------LL--VA-----A-----,-------------GGV-----E--,HVILLALAHHGGAE--V-EA---
419,>139 CluSeq:0.00055_sd:0.00094_transl.frame:2,MLSSSPLLTMVARRS*--RR-T-,P---PRP-----------------,---LLA-----------------
420,>140 CluSeq:0.00053_sd:0.00092_transl.frame:0,-LS---L----AR-S--------,PCYPPRPCSPWWRGGVS-R-----,-V-LLA-A----A---V------
421,>140 CluSeq:0.00053_sd:0.00092_transl.frame:1,------LL---AR----------,P----RP---------------Q-,HVILLALAHHGGAEEL---A---
422,>140 CluSeq:0.00053_sd:0.00092_transl.frame:2,MLSSSPLLTMVARRS*-------,--------SP--RGG-S-------,---LLA----GG---L-------
423,>141 CluSeq:0.00053_sd:0.00092_transl.frame:0,----SP----V-RR----R----,PCYPPRPCSPWWRGGV--RGGE--,----------GG-E---------
424,>141 CluSeq:0.00053_sd:0.00092_transl.frame:1,------LL--VA-----A-----,-------------GGV----GE--,HVILLALAHHGGAE-LV-EAEN-
425,>141 CluSeq:0.00053_sd:0.00092_transl.frame:2,MLSSSPLLTMVARR-*-ARRRT-,--------SPW-R-----R-----,---LLA-A---------------
426,>142 CluSeq:0.00052_sd:0.0009_transl.frame:0,----SP---M--RR---------,PCYPPRPCSPWWRGGV-MRGGEQQ,----------GG-E---------
427,>142 CluSeq:0.00052_sd:0.0009_transl.frame:1,------LL--VA-----------,-------------GGV-----E--,HVILLALAHHGGAE-LVCEAENN
428,>142 CluSeq:0.00052_sd:0.0009_transl.frame:2,MLSSSPLLTMVARR--YARRRTT,--------SPW-R-----R-----,---LLA-A---------------
429,>143 CluSeq:0.00051_sd:0.00086_transl.frame:0,----SP----V-RR---------,PCYPPRPCSPWWRGGV--RGGEQ-,----------GG-E---------
430,>143 CluSeq:0.00051_sd:0.00086_transl.frame:1,------LLT--------------,-------------GGVS----E--,HVILLALAHHGGAEELV-EAEN-
431,>143 CluSeq:0.00051_sd:0.00086_transl.frame:2,MLSSSPLLTMVARRS*-ARRRT-,--------SPW-R-----R-----,---LLA-A---------------
432,>144 CluSeq:0.00051_sd:0.00085_transl.frame:0,----SP----V-RR----R----,PCYPPRPCSPWWRGGVS-RGGEQ-,----------GG-E---------
433,>144 CluSeq:0.00051_sd:0.00085_transl.frame:1,------LL--VA-----------,-------------GGVS----E--,HVILLALAHHGGAEELV-EAEN-
434,>144 CluSeq:0.00051_sd:0.00085_transl.frame:2,MLSSSPLLTMVARRS*Y-RRRTT,P-YP-R------R-----R-----,---LLA-----------------
435,>145 CluSeq:0.0005_sd:0.00084_transl.frame:0,----SP---M--RR---------,-CYPPRPCSPWWRGGVSMRGGEQ-,-----A----GG-E---------
436,>145 CluSeq:0.0005_sd:0.00084_transl.frame:1,------LLT--------------,-------------GGV-----E--,HVILLALAHHGGAEELVCEAENN
437,>145 CluSeq:0.0005_sd:0.00084_transl.frame:2,MLSSSPLLTMVARRS*YARRRTT,--------SP--R---S-R---Q-,---LLA-A---------------
438,>146 CluSeq:0.00049_sd:0.00083_transl.frame:0,----SP---M--R----------,PCYPPRPCSPWWRGGVSMRGGEQQ,----------GG-E---------
439,>146 CluSeq:0.00049_sd:0.00083_transl.frame:1,------LL--VA-----------,-------------GGV-----E--,HVILLALAHHGGAE-LVCEAENN
440,>146 CluSeq:0.00049_sd:0.00083_transl.frame:2,MLSSSPLLTMVARR-*YARRRTT,--------SP--R-----R-----,---LLA-A---------------
441,>147 CluSeq:0.00048_sd:0.00083_transl.frame:0,-LS--P-----------------,PCYPPRPCSPWWRGGVS-R--E--,----------GG-EE--------
442,>147 CluSeq:0.00048_sd:0.00083_transl.frame:1,-LSS--------RR---------,-------------GG-S-R-----,HVILLALAHHGGAEEL---A-N-
443,>147 CluSeq:0.00048_sd:0.00083_transl.frame:2,MLSSSPLLTMVARRS*-A---T-,P---PR-------G----------,---LLA-A--G------------
444,>148 CluSeq:0.00047_sd:0.00081_transl.frame:0,----SP---M--RR---------,PCYPPRPCSPWWRGGV-MRGGE--,----------GG-E---------
445,>148 CluSeq:0.00047_sd:0.00081_transl.frame:1,------LL--VA-----A-----,-------------GGV-----E--,HVILLALAHHGGAEELVCEAEN-
446,>148 CluSeq:0.00047_sd:0.00081_transl.frame:2,MLSSSPLLTMVARRS-YARRRT-,P-Y-PR------------------,---LLA-A---------------
447,>149 CluSeq:0.00047_sd:0.00081_transl.frame:0,-LS---L----------------,PCYPPRPCSPWWRGGVS-RG-E--,----------GG-EEL-C-----
448,>149 CluSeq:0.00047_sd:0.00081_transl.frame:1,------LL---A--S--------,-------------GG-S-------,HVILLALAHHGGAEEL--EA-N-
449,>149 CluSeq:0.00047_sd:0.00081_transl.frame:2,MLSSSPLLTMVARRS*--RRRT-,P---PRP-----------------,---LLAL----------------
450,>150 CluSeq:0.00046_sd:0.0008_transl.frame:0,----SPLL-------*-------,PCYPPRPCSPWWRGGVS--G-E--,-VILL------------------
451,>150 CluSeq:0.00046_sd:0.0008_transl.frame:1,-LSS-------------------,-------------GG-S-------,HVILLALAHHGGAEEL---A-N-
452,>150 CluSeq:0.00046_sd:0.0008_transl.frame:2,MLSSSPLLTMVARRS*--R-RT-,P-Y-PRP-----------------,---LLAL--------L-------
453,>151 CluSeq:0.00046_sd:0.00076_transl.frame:0,----SP---M--RR---------,-CYPPRPCSPWWRGGV-MRGGEQ-,-----A----GG-E---------
454,>151 CluSeq:0.00046_sd:0.00076_transl.frame:1,------LLT--------------,-------------GGV-----E--,HVILLALAHHGGAEELVCEAENN
455,>151 CluSeq:0.00046_sd:0.00076_transl.frame:2,MLSSSPLLTMVARRS-YARRRTT,--------SPW-R-----R---Q-,---LLA-A---------------
456,>152 CluSeq:0.00045_sd:0.00075_transl.frame:0,----SP---M--R-S--------,PCYPPRPCSPWWRGGV-MRGGEQQ,----------GG-E---------
457,>152 CluSeq:0.00045_sd:0.00075_transl.frame:1,------LL--VA-----------,-------------GGV-----E--,HVILLALAHHGGAEELVCEAENN
458,>152 CluSeq:0.00045_sd:0.00075_transl.frame:2,MLSSSPLLTMVARRS-YARRRTT,--------SPW-R-----R-----,---LLA-A---------------
459,>153 CluSeq:0.00044_sd:0.00076_transl.frame:0,----SP----V-RR---------,PCYPPRPCSPWWRGGVS-RGGEQQ,----------GG-E---------
460,>153 CluSeq:0.00044_sd:0.00076_transl.frame:1,------LL--VA-----------,-------------GGVS----E--,HVILLALAHHGGAEELV-EAENN
461,>153 CluSeq:0.00044_sd:0.00076_transl.frame:2,MLSSSPLLTMVARRS*Y-RRRTT,P-YP-R------R-----R-----,---LLA-----------------
462,>154 CluSeq:0.00042_sd:0.0004_transl.frame:0,----SP----V-RR----RR---,PCYPPRPCSPWWRGGV--RGGE--,----------GG-E---------
463,>154 CluSeq:0.00042_sd:0.0004_transl.frame:1,------LL--VA-----A-----,-------------GGV----GE--,HVILLALAHHGGAEELV-EAEN-
464,>154 CluSeq:0.00042_sd:0.0004_transl.frame:2,MLSSSPLLTMVARRS*-ARRRT-,--------SPW-R-----R-----,---LLA-A---------------
465,>155 CluSeq:0.00041_sd:0.00071_transl.frame:0,----SP----V-RR----R----,PCYPPRPCSPWWRGGV--RGGE--,----------GG-E---------
466,>155 CluSeq:0.00041_sd:0.00071_transl.frame:1,------LLT--------------,-------------GGV----GE--,HVILLALAHHGGAEELV-EAE--
467,>155 CluSeq:0.00041_sd:0.00071_transl.frame:2,MLSSSPLLTMVARRS*-ARRRT-,--------SPW-R-----R-----,---LLAL----------------
468,>156 CluSeq:0.00041_sd:0.00071_transl.frame:0,----SP---M--R----------,PCYPPRPCSPWWRGG-SMRGGE--,--------HH-------------
469,>156 CluSeq:0.00041_sd:0.00071_transl.frame:1,------LLT--------------,-------------GGV-----E--,HVILLALAHHGGAEE-VCEAEN-
470,>156 CluSeq:0.00041_sd:0.00071_transl.frame:2,MLSSSPLLTMVARR-*YARRRT-,--------SP--R-----R-----,---LLA-A---------------
471,>157 CluSeq:0.0004_sd:0.0007_transl.frame:0,----SP---M--R----------,PCYPPRPCSPWWRGGVSM-GGEQQ,----------GG-E---------
472,>157 CluSeq:0.0004_sd:0.0007_transl.frame:1,------LL--VA-----------,-------------GGV-----E--,HVILLALAHHGGAEELVC-AENN
473,>157 CluSeq:0.0004_sd:0.0007_transl.frame:2,MLSSSPLLTMVARRS*YARRRTT,--------SP--R---S-R-----,---LLA-A---------------
474,>158 CluSeq:0.0004_sd:0.0007_transl.frame:0,----SPL-------------RT-,PCYPPRPCSP--RG--S-R-----,---LLA-----------------
475,>158 CluSeq:0.0004_sd:0.0007_transl.frame:1,------LL---A-RS--A-----,-----R--S---RG-------E--,HVILLALAHHGGAE---------
476,>158 CluSeq:0.0004_sd:0.0007_transl.frame:2,MLSSSPLLT--AR-S--------,--------SP--R--------EQ-,---LLA------------EAE--
477,>159 CluSeq:0.00038_sd:0.00065_transl.frame:0,--SS--------RR---------,PCYPPRPCSPWWRGGVS-RGGE--,----------GG-E---------
478,>159 CluSeq:0.00038_sd:0.00065_transl.frame:1,------LL--VA-----A-----,-------------GGV-----E--,HVILLALAHHGGAEELV-EAEN-
479,>159 CluSeq:0.00038_sd:0.00065_transl.frame:2,MLSSSPLLTMVARRS*--RRRT-,P---PRP-----------------,---LLA-----------------
480,>160 CluSeq:0.00037_sd:0.00065_transl.frame:0,----SP---M--R----------,PCYPPRPCSPWWRGGV-MRGGEQQ,----------GG-E---------
481,>160 CluSeq:0.00037_sd:0.00065_transl.frame:1,------LL--VA-----------,-------------GGV-----E--,HVILLALAHHGGAEELVCEAENN
482,>160 CluSeq:0.00037_sd:0.00065_transl.frame:2,MLSSSPLLTMVARRS-YARRRTT,--------SPW-R-----R-----,---LLA-A---------------
483,>161 CluSeq:0.00037_sd:0.00064_transl.frame:0,-LS---L----ARR---------,PCYPPRPCSPWWRGGVS-R--E--,----------GGAE---------
484,>161 CluSeq:0.00037_sd:0.00064_transl.frame:1,------LL---AR----A-----,-------------GG-S-R--E--,HVILLALAHHGGAEEL--EAE--
485,>161 CluSeq:0.00037_sd:0.00064_transl.frame:2,MLSSSPLLTMVARRS*-AR----,--------SP--R---S-R-----,---LLA-A---------------
486,>162 CluSeq:0.00036_sd:0.00062_transl.frame:0,--SS--------R----------,PCYPPRPCSPWWRGGVS-RG-EQ-,----------GG-EE--------
487,>162 CluSeq:0.00036_sd:0.00062_transl.frame:1,------LL--VA-----A---T-,-------------GGV-----E--,HVILLALAHHGGAEELV-EA-N-
488,>162 CluSeq:0.00036_sd:0.00062_transl.frame:2,MLSSSPLLTMVARRS*--RRRT-,P---PRP-----------------,---LLA-----------------
489,>163 CluSeq:0.00033_sd:0.00058_transl.frame:0,----SP---M--RR---------,PCYPPRPCSPWWRGGV-MRG-EQ-,----------GG-EE--------
490,>163 CluSeq:0.00033_sd:0.00058_transl.frame:1,------LLT--------------,-------------GGV-----E--,HVILLALAHHGGAEELVCEA-NN
491,>163 CluSeq:0.00033_sd:0.00058_transl.frame:2,MLSSSPLLTMVARRS-YARRRTT,--------SPW-R-----R---Q-,---LLA-A---------------
492,>164 CluSeq:0.00033_sd:0.00057_transl.frame:0,-LSS--------R----------,PCYPPRPCSPWWRGGVS-R-----,----------GG-E---------
493,>164 CluSeq:0.00033_sd:0.00057_transl.frame:1,------LL--V---S--------,-------------GGVS-------,HVILLALAHHGGAEELV------
494,>164 CluSeq:0.00033_sd:0.00057_transl.frame:2,MLSSSPLLTMVARRS*-AR----,P--P-RP---------------Q-,---LLA-A----A----------
495,>165 CluSeq:0.00032_sd:0.00056_transl.frame:0,----SP---M--RR---------,PCYPPRPCSPWWRGGVSMRG-E--,----------GG-EE--------
496,>165 CluSeq:0.00032_sd:0.00056_transl.frame:1,------LL--VA-----------,-------------GGV-----E--,HVILLALAHHGGAEELVCEA-N-
497,>165 CluSeq:0.00032_sd:0.00056_transl.frame:2,MLSSSPLLTMVARRS*YARRRTT,--------SP--R---S-R-----,---LLA-A---------------
498,>166 CluSeq:0.00032_sd:0.00054_transl.frame:0,----SP----V-RR----RR---,PCYPPRPCSPWWRGGV--RGGE--,----------GG-E---------
499,>166 CluSeq:0.00032_sd:0.00054_transl.frame:1,------LLT--------------,-------------GGV----GE--,HVILLALAHHGGAEELV-EAE--
500,>166 CluSeq:0.00032_sd:0.00054_transl.frame:2,MLSSSPLLTMVARRS*-ARRRT-,--------SPW-R-----R---Q-,---LLA-A---------------
501,>167 CluSeq:0.00029_sd:0.00051_transl.frame:0,----SP---M--R-S--------,PCYPPRPCSPWWRGGV-MRGGE--,----------GG-E---------
502,>167 CluSeq:0.00029_sd:0.00051_transl.frame:1,------LLT--------------,-------------GGV-----E--,HVILLALAHHGGAEELVCEAE--
503,>167 CluSeq:0.00029_sd:0.00051_transl.frame:2,MLSSSPLLTMVARRS-YARRR--,--------SPW-R-----R-----,---LLAL----------------
504,>168 CluSeq:0.00028_sd:0.00049_transl.frame:0,-LS---L---VAR----------,PCYPPRPCSPWWRGGVS-R---Q-,----------GG---LV--A---
505,>168 CluSeq:0.00028_sd:0.00049_transl.frame:1,-LS--------------------,--------SP---G--S-------,HVILLALAHHGGAEEL---A---
506,>168 CluSeq:0.00028_sd:0.00049_transl.frame:2,MLSSSPLLTMVARRS*-A-----,P--P-RP-S------V--------,---LLA-A--------V------
507,>169 CluSeq:0.00028_sd:0.00048_transl.frame:0,----SP----V-RR---------,PCYPPRPCSPWWRGGVS-RGGE--,----------GG-E---------
508,>169 CluSeq:0.00028_sd:0.00048_transl.frame:1,------LL--VA-----A-----,-------------GGVS----E--,HVILLALAHHGGAEELV-EAEN-
509,>169 CluSeq:0.00028_sd:0.00048_transl.frame:2,MLSSSPLLTMVARRS*Y-RRRT-,P-YPP-------------------,---LLA-----------------
510,>170 CluSeq:0.00027_sd:0.00047_transl.frame:0,----SP----VARR---------,PCYPPRPCSPWWRGGVS-R--E--,----------GGAEE--------
511,>170 CluSeq:0.00027_sd:0.00047_transl.frame:1,------LL---AR----A-----,-------------GG-S-R--E--,HVILLALAHHGGAEE---EAE--
512,>170 CluSeq:0.00027_sd:0.00047_transl.frame:2,MLSSSPLLTMVARRS--AR----,--------SP--R---S-R---Q-,---LLALA----A----------
513,>171 CluSeq:0.00027_sd:0.00046_transl.frame:0,----SP---M--RR---------,PCYPPRPCSPWWRGGV-MRGGEQ-,----------GG-E---------
514,>171 CluSeq:0.00027_sd:0.00046_transl.frame:1,------LLT--------------,-------------GGV-----E--,HVILLALAHHGGAEELVCEAEN-
515,>171 CluSeq:0.00027_sd:0.00046_transl.frame:2,MLSSSPLLTMVARRS-YARRRT-,--------SPW-R-----R-----,---LLA-A---------------
516,>172 CluSeq:0.00027_sd:0.00046_transl.frame:0,----SP---M--RR---------,PCYPPRPCSPWWRGGV-MRGGE--,----------GG-E---------
517,>172 CluSeq:0.00027_sd:0.00046_transl.frame:1,------LL--VA-----A-----,-------------GGV-----E--,HVILLALAHHGGAEELVCEAE--
518,>172 CluSeq:0.00027_sd:0.00046_transl.frame:2,MLSSSPLLTMVARRS-YARRR--,--------SPW-R-----R-----,---LLAL----------------
519,>173 CluSeq:0.00026_sd:0.00045_transl.frame:0,-LS---LL---AR-S--------,PCYPPRPCSPWWRGGVS-R-----,-V-LLALA---------------
520,>173 CluSeq:0.00026_sd:0.00045_transl.frame:1,------LL---AR-S--A-----,-------------GG-S-R-----,HVILLALAHHGGAEEL---A---
521,>173 CluSeq:0.00026_sd:0.00045_transl.frame:2,MLSSSPLLTMVARRS*-AR----,--------SP--R---S-R-----,---LLALA-------L-------
522,>174 CluSeq:0.00026_sd:0.00045_transl.frame:0,----SP----VARR---------,PCYPPRPCSPWWRGGVS-RG-E--,----------GG----V-EA---
523,>174 CluSeq:0.00026_sd:0.00045_transl.frame:1,------LL--VA-----A-----,-------------GGV----GE--,HVILLALAHHGGAEELV-EA---
524,>174 CluSeq:0.00026_sd:0.00045_transl.frame:2,MLSSSPLLTMVARRS*-ARR-T-,--------SP--R---S-R-----,---LLA-A---------------
525,>175 CluSeq:0.00025_sd:0.00043_transl.frame:0,----SP----V-RR-*-------,PCYPPRPCSPWWRGGVS-RGGE--,----------GG-E---------
526,>175 CluSeq:0.00025_sd:0.00043_transl.frame:1,------LLT--------------,-------------GGV----GE--,HVILLALAHHGGAEELV-EAE--
527,>175 CluSeq:0.00025_sd:0.00043_transl.frame:2,MLSSSPLLTMVARRS*-ARRRT-,--------SP--R---S-R-----,---LLAL----------------
528,>176 CluSeq:0.00024_sd:0.00039_transl.frame:0,----SP---M--R----------,PCYPPRPCSPWWRGGV-MRGGEQ-,----------GG-E---------
529,>176 CluSeq:0.00024_sd:0.00039_transl.frame:1,------LLT--------------,-------------GGV----GE--,HVILLALAHHGGAEELVCE-EN-
530,>176 CluSeq:0.00024_sd:0.00039_transl.frame:2,MLSSSPLLTMVARRS-YAR-RT-,--------SPW-RG----R-----,---LLA-A--G------------
531,>177 CluSeq:0.00024_sd:0.00039_transl.frame:0,----SP---M-------------,PCYPPRPCSPWWRGGVSM-GGEQQ,----------GG-E---------
532,>177 CluSeq:0.00024_sd:0.00039_transl.frame:1,------LL--VA-----------,-------------GGV-----E--,HVILLALAHHGGAEELVC-AENN
533,>177 CluSeq:0.00024_sd:0.00039_transl.frame:2,MLSSSPLLTMVARRS*YARRRTT,--------SP--R---S-R-----,---LLA-A---------------
534,>178 CluSeq:0.00023_sd:0.0004_transl.frame:0,-LS---L----ARR---------,PCYPPRPCSPWWRGGVS-RG----,----------GGAE---------
535,>178 CluSeq:0.00023_sd:0.0004_transl.frame:1,------LL---ARR---------,-------------GG-S-R--E--,HVILLALAHHGGAEEL--EAE--
536,>178 CluSeq:0.00023_sd:0.0004_transl.frame:2,MLSSSPLLTMVARRS*-AR----,--------SP--RG----------,---LLA-A--G------------
537,>179 CluSeq:0.00022_sd:0.00036_transl.frame:0,----SP----V-RR---------,PCYPPRPCSPWWRGGVS-RGGEQ-,----------GG-E---------
538,>179 CluSeq:0.00022_sd:0.00036_transl.frame:1,------LLT--------------,-------------GGVS----E--,HVILLALAHHGGAEELV-EAENN
539,>179 CluSeq:0.00022_sd:0.00036_transl.frame:2,MLSSSPLLTMVARRS*Y-RRRTT,P-YP-R------R-----R---Q-,---LLA-----------------
540,>180 CluSeq:0.00022_sd:0.00038_transl.frame:0,-LS---L----ARR---------,PCYPPRPCSPWWRGGVS-R-----,----------GGA----------
541,>180 CluSeq:0.00022_sd:0.00038_transl.frame:1,------LL---AR----A-----,-------------GG-S-R--E--,HVILLALAHHGGAEEL--EAE--
542,>180 CluSeq:0.00022_sd:0.00038_transl.frame:2,MLSSSPLLTMVARRS*-AR----,--------SP--R---S-R-----,---LLA-A---------------
543,>181 CluSeq:0.00021_sd:0.00037_transl.frame:0,-LS---LL---AR-S--------,PCYPPRPCSPWWRGGVS-R-----,-V-LLALA---------------
544,>181 CluSeq:0.00021_sd:0.00037_transl.frame:1,------LL---AR-S--A-----,-------------GG-S-R-----,HVILLALAHHGGAEEL---A---
545,>181 CluSeq:0.00021_sd:0.00037_transl.frame:2,MLSSSPLLTMVARRS*-AR----,--------SP--R---S-R-----,---LLALA-------L-------
546,>182 CluSeq:0.00021_sd:0.00037_transl.frame:0,----SP----V-RR----R----,PCYPPRPCSPWWRGGV--RG-E--,----------GG-EE--------
547,>182 CluSeq:0.00021_sd:0.00037_transl.frame:1,------LL--VA-----A-----,-------------GGV----GE--,HVILLALAHHGGAEELV-EA-N-
548,>182 CluSeq:0.00021_sd:0.00037_transl.frame:2,MLSSSPLLTMVARRS*-ARRRT-,--------SPW-R-----R-----,---LLA-A---------------
549,>183 CluSeq:0.0002_sd:0.00035_transl.frame:0,----SP----V-RR----R----,PCYPPRPCSPWWRGGVS-RGGEQ-,----------GG-E---------
550,>183 CluSeq:0.0002_sd:0.00035_transl.frame:1,------LL--VA-----A-----,-------------GGV----GE--,HVILLALAHHGGAEELV-EAEN-
551,>183 CluSeq:0.0002_sd:0.00035_transl.frame:2,MLSSSPLLTMVARRS*-ARRRT-,--------SP--R---S-R-----,---LLA-A---------------
552,>184 CluSeq:0.0002_sd:0.00032_transl.frame:0,----SP----V-------RRR--,PCYPPRPCSPWWRGGV--RGGE--,----------GG-E---------
553,>184 CluSeq:0.0002_sd:0.00032_transl.frame:1,------LLT--------------,-------------GGV----GE--,HVILLALAHHGGAEE-V-EAE--
554,>184 CluSeq:0.0002_sd:0.00032_transl.frame:2,MLSSSPLLTMVARRS*-ARRRT-,--------SP--R---S-R-----,---LLAL----------------
555,>185 CluSeq:0.0002_sd:0.00031_transl.frame:0,----SP----V-RR---------,PCYPPRPCSPWWRGGV--RGGEQ-,----------GG-E---------
556,>185 CluSeq:0.0002_sd:0.00031_transl.frame:1,------LLT--------------,-------------GGVS----E--,HVILLALAHHGGAEELV-EAENN
557,>185 CluSeq:0.0002_sd:0.00031_transl.frame:2,MLSSSPLLTMVARRS-Y-RRRTT,P-YP-R------R-----R---Q-,---LLA-----------------
558,>186 CluSeq:0.00019_sd:0.00033_transl.frame:0,----SP----V-R----------,PCYPPRPCSPWWRGGVS-RGGE--,-VI-----HH-------------
559,>186 CluSeq:0.00019_sd:0.00033_transl.frame:1,------LLT--------------,-------------GGVS----E--,HVILLALAHHGGAEELV-EAEN-
560,>186 CluSeq:0.00019_sd:0.00033_transl.frame:2,MLSSSPLLTMVARRS*Y-RRRT-,P-YPP-------------------,---LLA-----------------
561,>187 CluSeq:0.00018_sd:0.00031_transl.frame:0,----SP---M--RR---------,PCYPPRPCSPWWRGGV-MRGGEQQ,----------GG-E---------
562,>187 CluSeq:0.00018_sd:0.00031_transl.frame:1,------LL---A-----A-----,-------------GG------E--,HVILLALAHHGGAEEL-CEAENN
563,>187 CluSeq:0.00018_sd:0.00031_transl.frame:2,MLSSSPLLTMVARRS-YARRRTT,PCY--R------R-----R-----,---LLA-A---------------
564,>188 CluSeq:0.00018_sd:0.00029_transl.frame:0,----SP---M--R----------,PCYPPRPCSPWWRGGV-MRGGEQQ,----------GG-E---------
565,>188 CluSeq:0.00018_sd:0.00029_transl.frame:1,------LL--VA-----------,-------------GGV-----E--,HVILLALAHHGGAEELVC-AENN
566,>188 CluSeq:0.00018_sd:0.00029_transl.frame:2,MLSSSPLLTMVARRS-YA-RRTT,--------SPWWR-----R-----,---LLA-A---------------
567,>189 CluSeq:0.00017_sd:0.00028_transl.frame:0,----SP---M--RR---------,-CYPPRPCSPWWRGGV-MRGGEQ-,-----A----GG-E---------
568,>189 CluSeq:0.00017_sd:0.00028_transl.frame:1,------LL--VA-----------,-------------GGV-----E--,HVILLALAHHGGAEELVCEAENN
569,>189 CluSeq:0.00017_sd:0.00028_transl.frame:2,MLSSSPLLTMVARRS-YARRRTT,--------SPW-R-----R-----,---LLA-A---------------
570,>190 CluSeq:0.00017_sd:0.00029_transl.frame:0,--SS--------RR---------,PCYPPRPCSPWWRGGVS-RG-E--,----------GG-EE--------
571,>190 CluSeq:0.00017_sd:0.00029_transl.frame:1,------LL--VA-----A---T-,-------------GGV-----E--,HVILLALAHHGGAEELV-EA-N-
572,>190 CluSeq:0.00017_sd:0.00029_transl.frame:2,MLSSSPLLTMVARRS*--RRRT-,P---PRP-----------------,---LLA-----------------
573,>191 CluSeq:0.00016_sd:0.00027_transl.frame:0,----SP---M--R----------,PCYPPRPCSPWWRGGV-MRG-EQ-,----------GG-EE--------
574,>191 CluSeq:0.00016_sd:0.00027_transl.frame:1,------LL--VA-----------,-------------GGV-----E--,HVILLALAHHGGAEELVCEA-NN
575,>191 CluSeq:0.00016_sd:0.00027_transl.frame:2,MLSSSPLLTMVARRS-YARRRTT,--------SPW-R-----R-----,---LLA-A---------------
576,>192 CluSeq:0.00015_sd:0.00026_transl.frame:0,----SP----V-RR-*-------,PCYPPRPCSPWWRGGV--RGGE--,----------GG-E---------
577,>192 CluSeq:0.00015_sd:0.00026_transl.frame:1,------LLT--------------,-------------GGV----GE--,HVILLALAHHGGAEELV-EAE--
578,>192 CluSeq:0.00015_sd:0.00026_transl.frame:2,MLSSSPLLTMVARRS*-ARRRT-,--------SPW-R-----R-----,---LLAL----------------
579,>193 CluSeq:0.00014_sd:0.00024_transl.frame:0,-LS---LL---AR-S--------,PCYPPRPCSPWWRGGVS-R-----,-V-LLALA---------------
580,>193 CluSeq:0.00014_sd:0.00024_transl.frame:1,------LL---ARR---A-----,-------------GG-S-R-----,HVILLALAHHGGAEEL---A---
581,>193 CluSeq:0.00014_sd:0.00024_transl.frame:2,MLSSSPLLTMVARRS*-AR----,--------SP--R---S-R-----,---LLAL----------------
582,>194 CluSeq:0.00013_sd:0.00023_transl.frame:0,-LS--------ARR---------,PCYPPRPCSPWWRGGVS-RG----,----------GGAE---------
583,>194 CluSeq:0.00013_sd:0.00023_transl.frame:1,------LL---ARR---------,-------------GG-S-R--E--,HVILLALAHHGGAEE---EAE--
584,>194 CluSeq:0.00013_sd:0.00023_transl.frame:2,MLSSSPLLTMVARRS--AR----,--------SP--RG----------,---LLA-A--G------------
585,>195 CluSeq:0.00012_sd:0.00021_transl.frame:0,----SP---M--R----------,-CYPPRPCSPWWRGGVSMRGGE--,-V------HH-------------
586,>195 CluSeq:0.00012_sd:0.00021_transl.frame:1,------LLT--------------,-------------GGV-----E--,HVILLALAHHGGAEELVCEAEN-
587,>195 CluSeq:0.00012_sd:0.00021_transl.frame:2,MLSSSPLLTMVARRS*YARRRT-,--------SP--R---S-R-----,---LLA-A---------------
588,>196 CluSeq:0.00012_sd:0.00021_transl.frame:0,--SS-------------------,PCYPPRPCSPWWRGGVS-R--E--,----------GG----V-EA---
589,>196 CluSeq:0.00012_sd:0.00021_transl.frame:1,-LS--P-----------------,-------------GGVS-------,HVILLALAHHGGAEE-V--AE--
590,>196 CluSeq:0.00012_sd:0.00021_transl.frame:2,MLSSSPLLTMVARRS*-A-----,P---PR-------G----------,---LLAL--------L-------
591,>197 CluSeq:9e-05_sd:0.00016_transl.frame:0,-LSS--------R----------,PCYPPRPCSPWWRGGVS-R-----,----------GG-E---------
592,>197 CluSeq:9e-05_sd:0.00016_transl.frame:1,------LL---AR----A-----,-------------GG-S-RG----,HVILLALAHHGGAEEL---A---
593,>197 CluSeq:9e-05_sd:0.00016_transl.frame:2,MLSSSPLLTMVARRS*-AR----,--------SP--RG----R--EQ-,---LLA------------EAE--
594,>198 CluSeq:9e-05_sd:0.00015_transl.frame:0,----SP----V-RR---------,PCYPPRPCSPWWRGGVS-RG-E--,----------GG-EE--------
595,>198 CluSeq:9e-05_sd:0.00015_transl.frame:1,------LL--VA-----A-----,-------------GGVS----E--,HVILLALAHHGGAEELV-EA-N-
596,>198 CluSeq:9e-05_sd:0.00015_transl.frame:2,MLSSSPLLTMVARRS*-ARRRT-,--------SP--R---S-R-----,---LLA-A---------------
597,>199 CluSeq:8e-05_sd:0.00013_transl.frame:0,-LSSS------------------,PCYPPRPCSPWWRGGVS--G----,----------GG-E---------
598,>199 CluSeq:8e-05_sd:0.00013_transl.frame:1,------LL---AR----A-----,-------------GG-S-RG----,HVILLALAHHGGAEEL---A---
599,>199 CluSeq:8e-05_sd:0.00013_transl.frame:2,MLSSSPLLTMVARRS*-AR----,--------SP--RG----R--EQ-,---LLA------------EAE--
600,>200 CluSeq:6e-05_sd:0.00011_transl.frame:0,-----PLLT----RS--------,PCYPPRP-SP-----V--------,---LLA-A--------V------
601,>200 CluSeq:6e-05_sd:0.00011_transl.frame:1,-LS--PL----------------,-C--PRP--P--------------,HVILLALA-------L-------
602,>200 CluSeq:6e-05_sd:0.00011_transl.frame:2,MLSSSPL-----R----------,--------SP--R---S-R-----,---LL------------------
603,>201 CluSeq:6e-05_sd:0.0001_transl.frame:0,-LS---L---VAR----------,PCYPPRPCSPWWRGGVS-R---Q-,----------GGA----------
604,>201 CluSeq:6e-05_sd:0.0001_transl.frame:1,-L--SPL----------------,-----R--SP---G----------,HVILLALAHHGGAEEL---A---
605,>201 CluSeq:6e-05_sd:0.0001_transl.frame:2,MLSSSPLLTMVARRS*-A-----,P--P-RP-S---------------,---LLA-A---------------
606,>202 CluSeq:5e-05_sd:9e-05_transl.frame:0,-LS--------ARR---------,PCYPPRPCSPWWRGGVS-R--E--,----------GGAE---------
607,>202 CluSeq:5e-05_sd:9e-05_transl.frame:1,------LL---AR----A-----,-------------GG-S-R--E--,HVILLALAHHGGAEE---EAE--
608,>202 CluSeq:5e-05_sd:9e-05_transl.frame:2,MLSSSPLLTMVARRS--AR----,--------SP--R---S-R---Q-,---LLA-A----A----------
609,>203 CluSeq:4e-05_sd:7e-05_transl.frame:0,-LS---LL---AR-S--------,PCYPPRPCSPWWRGGVS-R-----,-V-LLALA---------------
610,>203 CluSeq:4e-05_sd:7e-05_transl.frame:1,------LL---AR--*-A-----,-------------GG-S-R-----,HVILLALAHHGGAEEL---A---
611,>203 CluSeq:4e-05_sd:7e-05_transl.frame:2,MLSSSPLLTMVARRS*-A-----,--------SP--R---S-R-----,---LLALA-------L-------
612,>204 CluSeq:3e-05_sd:6e-05_transl.frame:0,-LS--------ARR---------,PCYPPRPCSPWWRGGVS-R-----,----------GGA----------
613,>204 CluSeq:3e-05_sd:6e-05_transl.frame:1,------LL---AR----A-----,-------------GG-S-R--E--,HVILLALAHHGGAEE---EAE--
614,>204 CluSeq:3e-05_sd:6e-05_transl.frame:2,MLSSSPLLTMVARRS--AR----,--------SP--R---S-R---Q-,---LLA-A----A----------
615,>205 CluSeq:3e-05_sd:1e-05_transl.frame:0,----SP---M--R----------,PCYPPRPCSPWWRGGVSMRGGEQQ,----------GG-E---------
616,>205 CluSeq:3e-05_sd:1e-05_transl.frame:1,------LL--VA-----------,-------------GGV-----E--,HVILLALAHHGGAEELVCEAENN
617,>205 CluSeq:3e-05_sd:1e-05_transl.frame:2,MLSSSPLLTMVARRS*YARRRTT,--------SP--R---S-R-----,---LLA-A---------------
